[{"model": "admin.logentry", "pk": 1, "fields": {"action_time": "2026-01-21T21:04:09.146Z", "user": 1, "content_type": 4, "object_id": "4", "object_repr": "anna.schmidt", "action_flag": 2, "change_message": "[{\"changed\": {\"fields\": [\"password\"]}}]"}}, {"model": "admin.logentry", "pk": 2, "fields": {"action_time": "2026-01-22T15:43:32.892Z", "user": 1, "content_type": 8, "object_id": "5", "object_repr": "Georg Klein - Beendigung ab 2026-04-01", "action_flag": 3, "change_message": ""}}, {"model": "admin.logentry", "pk": 3, "fields": {"action_time": "2026-01-22T15:43:32.892Z", "user": 1, "content_type": 8, "object_id": "4", "object_repr": "Georg Klein - Erhˆhung ab 2026-02-01", "action_flag": 3, "change_message": ""}}, {"model": "admin.logentry", "pk": 4, "fields": {"action_time": "2026-01-22T15:43:32.892Z", "user": 1, "content_type": 8, "object_id": "6", "object_repr": "Georg Klein - Erhˆhung ab 2026-01-21", "action_flag": 3, "change_message": ""}}, {"model": "admin.logentry", "pk": 5, "fields": {"action_time": "2026-01-22T15:43:32.892Z", "user": 1, "content_type": 8, "object_id": "3", "object_repr": "Georg Klein - Beendigung ab 2026-01-21", "action_flag": 3, "change_message": ""}}, {"model": "admin.logentry", "pk": 6, "fields": {"action_time": "2026-01-22T15:43:32.892Z", "user": 1, "content_type": 8, "object_id": "2", "object_repr": "Georg Klein - Weiterbewilligung ab 2026-01-19", "action_flag": 3, "change_message": ""}}, {"model": "admin.logentry", "pk": 7, "fields": {"action_time": "2026-01-22T15:43:32.892Z", "user": 1, "content_type": 8, "object_id": "1", "object_repr": "Georg Klein - Weiterbewilligung ab 2026-01-01", "action_flag": 3, "change_message": ""}}, {"model": "admin.logentry", "pk": 8, "fields": {"action_time": "2026-01-22T15:54:05.177Z", "user": 1, "content_type": 4, "object_id": "2", "object_repr": "geoklein", "action_flag": 3, "change_message": ""}}, {"model": "admin.logentry", "pk": 9, "fields": {"action_time": "2026-01-26T14:44:48.676Z", "user": 1, "content_type": 16, "object_id": "1", "object_repr": "Tagesschicht (Tag)", "action_flag": 1, "change_message": "[{\"added\": {}}]"}}, {"model": "admin.logentry", "pk": 10, "fields": {"action_time": "2026-01-26T14:45:12.916Z", "user": 1, "content_type": 16, "object_id": "2", "object_repr": "Nachtschicht (Nacht)", "action_flag": 1, "change_message": "[{\"added\": {}}]"}}, {"model": "admin.logentry", "pk": 11, "fields": {"action_time": "2026-01-26T14:46:07.661Z", "user": 1, "content_type": 14, "object_id": "1", "object_repr": "Feb_2026 (2026-02-01 - 2026-02-28)", "action_flag": 1, "change_message": "[{\"added\": {}}]"}}, {"model": "admin.logentry", "pk": 12, "fields": {"action_time": "2026-01-26T18:54:58.624Z", "user": 1, "content_type": 9, "object_id": "5", "object_repr": "Kluge, Holger (MA0006)", "action_flag": 2, "change_message": "[{\"changed\": {\"fields\": [\"Rolle\"]}}]"}}, {"model": "admin.logentry", "pk": 13, "fields": {"action_time": "2026-01-26T18:55:09.042Z", "user": 1, "content_type": 9, "object_id": "5", "object_repr": "Kluge, Holger (MA0006)", "action_flag": 2, "change_message": "[]"}}, {"model": "admin.logentry", "pk": 14, "fields": {"action_time": "2026-01-26T19:00:39.379Z", "user": 1, "content_type": 9, "object_id": "5", "object_repr": "Kluge, Holger (MA0006)", "action_flag": 2, "change_message": "[{\"changed\": {\"fields\": [\"Rolle\"]}}]"}}, {"model": "admin.logentry", "pk": 15, "fields": {"action_time": "2026-01-26T19:05:42.207Z", "user": 1, "content_type": 4, "object_id": "7", "object_repr": "PBrach", "action_flag": 1, "change_message": "[{\"added\": {}}]"}}, {"model": "admin.logentry", "pk": 16, "fields": {"action_time": "2026-01-26T19:06:23.498Z", "user": 1, "content_type": 9, "object_id": "6", "object_repr": "Brach, Petra (12458)", "action_flag": 1, "change_message": "[{\"added\": {}}]"}}, {"model": "admin.logentry", "pk": 17, "fields": {"action_time": "2026-01-26T19:06:51.442Z", "user": 1, "content_type": 4, "object_id": "8", "object_repr": "UGroﬂ", "action_flag": 1, "change_message": "[{\"added\": {}}]"}}, {"model": "admin.logentry", "pk": 18, "fields": {"action_time": "2026-01-26T19:08:32.700Z", "user": 1, "content_type": 9, "object_id": "7", "object_repr": "Groﬂ, U (123458)", "action_flag": 1, "change_message": "[{\"added\": {}}]"}}, {"model": "admin.logentry", "pk": 19, "fields": {"action_time": "2026-01-26T19:08:56.012Z", "user": 1, "content_type": 4, "object_id": "9", "object_repr": "DEbbe", "action_flag": 1, "change_message": "[{\"added\": {}}]"}}, {"model": "admin.logentry", "pk": 20, "fields": {"action_time": "2026-01-26T19:09:21.067Z", "user": 1, "content_type": 9, "object_id": "8", "object_repr": "Ebbe, D (12347)", "action_flag": 1, "change_message": "[{\"added\": {}}]"}}, {"model": "admin.logentry", "pk": 21, "fields": {"action_time": "2026-01-26T19:09:50.660Z", "user": 1, "content_type": 4, "object_id": "10", "object_repr": "LHase", "action_flag": 1, "change_message": "[{\"added\": {}}]"}}, {"model": "admin.logentry", "pk": 22, "fields": {"action_time": "2026-01-26T19:10:16.847Z", "user": 1, "content_type": 9, "object_id": "9", "object_repr": "Hase, L (12348)", "action_flag": 1, "change_message": "[{\"added\": {}}]"}}, {"model": "admin.logentry", "pk": 23, "fields": {"action_time": "2026-01-26T19:10:52.604Z", "user": 1, "content_type": 4, "object_id": "11", "object_repr": "RKollaga", "action_flag": 1, "change_message": "[{\"added\": {}}]"}}, {"model": "admin.logentry", "pk": 24, "fields": {"action_time": "2026-01-26T19:11:41.560Z", "user": 1, "content_type": 4, "object_id": "12", "object_repr": "RKornischuk", "action_flag": 1, "change_message": "[{\"added\": {}}]"}}, {"model": "admin.logentry", "pk": 25, "fields": {"action_time": "2026-01-26T19:12:17.549Z", "user": 1, "content_type": 9, "object_id": "10", "object_repr": "Kornischuk, R (12310)", "action_flag": 1, "change_message": "[{\"added\": {}}]"}}, {"model": "admin.logentry", "pk": 26, "fields": {"action_time": "2026-01-26T19:12:53.622Z", "user": 1, "content_type": 4, "object_id": "13", "object_repr": "RKrausmacher", "action_flag": 1, "change_message": "[{\"added\": {}}]"}}, {"model": "admin.logentry", "pk": 27, "fields": {"action_time": "2026-01-26T19:13:33.496Z", "user": 1, "content_type": 9, "object_id": "11", "object_repr": "Krausmacher, R (12311)", "action_flag": 1, "change_message": "[{\"added\": {}}]"}}, {"model": "admin.logentry", "pk": 28, "fields": {"action_time": "2026-01-26T19:14:40.007Z", "user": 1, "content_type": 4, "object_id": "8", "object_repr": "UKlein", "action_flag": 2, "change_message": "[{\"changed\": {\"fields\": [\"Username\"]}}]"}}, {"model": "admin.logentry", "pk": 29, "fields": {"action_time": "2026-01-26T19:14:49.621Z", "user": 1, "content_type": 9, "object_id": "7", "object_repr": "Klein, U (123458)", "action_flag": 2, "change_message": "[{\"changed\": {\"fields\": [\"Nachname\"]}}]"}}, {"model": "admin.logentry", "pk": 30, "fields": {"action_time": "2026-01-26T19:15:23.585Z", "user": 1, "content_type": 4, "object_id": "14", "object_repr": "Ugroﬂ", "action_flag": 1, "change_message": "[{\"added\": {}}]"}}, {"model": "admin.logentry", "pk": 31, "fields": {"action_time": "2026-01-26T19:15:51.304Z", "user": 1, "content_type": 9, "object_id": "12", "object_repr": "Groﬂ, U (12312)", "action_flag": 1, "change_message": "[{\"added\": {}}]"}}, {"model": "admin.logentry", "pk": 32, "fields": {"action_time": "2026-01-26T19:18:00.147Z", "user": 1, "content_type": 4, "object_id": "15", "object_repr": "MRensch", "action_flag": 1, "change_message": "[{\"added\": {}}]"}}, {"model": "admin.logentry", "pk": 33, "fields": {"action_time": "2026-01-26T19:18:46.451Z", "user": 1, "content_type": 9, "object_id": "13", "object_repr": "Rensch, M (12313)", "action_flag": 1, "change_message": "[{\"added\": {}}]"}}, {"model": "admin.logentry", "pk": 34, "fields": {"action_time": "2026-01-26T19:19:05.863Z", "user": 1, "content_type": 9, "object_id": "7", "object_repr": "Klein, U (12314)", "action_flag": 2, "change_message": "[{\"changed\": {\"fields\": [\"Personalnummer\"]}}]"}}, {"model": "admin.logentry", "pk": 35, "fields": {"action_time": "2026-01-26T19:19:55.186Z", "user": 1, "content_type": 4, "object_id": "16", "object_repr": "GSchumann", "action_flag": 1, "change_message": "[{\"added\": {}}]"}}, {"model": "admin.logentry", "pk": 36, "fields": {"action_time": "2026-01-26T19:20:18.771Z", "user": 1, "content_type": 9, "object_id": "14", "object_repr": "Schumann, G (12315)", "action_flag": 1, "change_message": "[{\"added\": {}}]"}}, {"model": "admin.logentry", "pk": 37, "fields": {"action_time": "2026-01-26T19:21:17.233Z", "user": 1, "content_type": 4, "object_id": "17", "object_repr": "SSohtup", "action_flag": 1, "change_message": "[{\"added\": {}}]"}}, {"model": "admin.logentry", "pk": 38, "fields": {"action_time": "2026-01-26T19:21:51.987Z", "user": 1, "content_type": 9, "object_id": "15", "object_repr": "Sohup, S (12316)", "action_flag": 1, "change_message": "[{\"added\": {}}]"}}, {"model": "admin.logentry", "pk": 39, "fields": {"action_time": "2026-01-26T19:23:04.881Z", "user": 1, "content_type": 4, "object_id": "18", "object_repr": "CSporck", "action_flag": 1, "change_message": "[{\"added\": {}}]"}}, {"model": "admin.logentry", "pk": 40, "fields": {"action_time": "2026-01-26T19:23:35.446Z", "user": 1, "content_type": 9, "object_id": "16", "object_repr": "Sporck, C (12317)", "action_flag": 1, "change_message": "[{\"added\": {}}]"}}, {"model": "admin.logentry", "pk": 41, "fields": {"action_time": "2026-01-26T19:23:42.080Z", "user": 1, "content_type": 9, "object_id": "16", "object_repr": "Sporck, C (12317)", "action_flag": 2, "change_message": "[{\"changed\": {\"fields\": [\"Rolle\"]}}]"}}, {"model": "admin.logentry", "pk": 42, "fields": {"action_time": "2026-01-26T19:24:02.683Z", "user": 1, "content_type": 9, "object_id": "15", "object_repr": "Sohup, S (12316)", "action_flag": 2, "change_message": "[{\"changed\": {\"fields\": [\"Abteilung\"]}}]"}}, {"model": "admin.logentry", "pk": 43, "fields": {"action_time": "2026-01-26T19:24:11.000Z", "user": 1, "content_type": 9, "object_id": "12", "object_repr": "Groﬂ, U (12312)", "action_flag": 2, "change_message": "[]"}}, {"model": "admin.logentry", "pk": 44, "fields": {"action_time": "2026-01-26T19:24:19.831Z", "user": 1, "content_type": 9, "object_id": "12", "object_repr": "Groﬂ, U (12312)", "action_flag": 2, "change_message": "[{\"changed\": {\"fields\": [\"Abteilung\"]}}]"}}, {"model": "admin.logentry", "pk": 45, "fields": {"action_time": "2026-01-26T19:24:27.636Z", "user": 1, "content_type": 9, "object_id": "10", "object_repr": "Kornischuk, R (12310)", "action_flag": 2, "change_message": "[{\"changed\": {\"fields\": [\"Abteilung\"]}}]"}}, {"model": "admin.logentry", "pk": 46, "fields": {"action_time": "2026-01-26T19:24:33.934Z", "user": 1, "content_type": 9, "object_id": "14", "object_repr": "Schumann, G (12315)", "action_flag": 2, "change_message": "[{\"changed\": {\"fields\": [\"Abteilung\"]}}]"}}, {"model": "admin.logentry", "pk": 47, "fields": {"action_time": "2026-01-26T19:24:57.584Z", "user": 1, "content_type": 9, "object_id": "3", "object_repr": "Klein, G (12345)", "action_flag": 2, "change_message": "[{\"changed\": {\"fields\": [\"Vorname\", \"Abteilung\"]}}]"}}, {"model": "admin.logentry", "pk": 48, "fields": {"action_time": "2026-01-26T19:25:37.904Z", "user": 1, "content_type": 4, "object_id": "19", "object_repr": "UUllmann", "action_flag": 1, "change_message": "[{\"added\": {}}]"}}, {"model": "admin.logentry", "pk": 49, "fields": {"action_time": "2026-01-26T19:26:00.326Z", "user": 1, "content_type": 9, "object_id": "17", "object_repr": "Ullmann, U (12318)", "action_flag": 1, "change_message": "[{\"added\": {}}]"}}, {"model": "admin.logentry", "pk": 50, "fields": {"action_time": "2026-01-26T19:26:38.021Z", "user": 1, "content_type": 4, "object_id": "20", "object_repr": "AWeinart", "action_flag": 1, "change_message": "[{\"added\": {}}]"}}, {"model": "admin.logentry", "pk": 51, "fields": {"action_time": "2026-01-26T19:26:59.681Z", "user": 1, "content_type": 9, "object_id": "18", "object_repr": "Weinart, A (12319)", "action_flag": 1, "change_message": "[{\"added\": {}}]"}}, {"model": "admin.logentry", "pk": 52, "fields": {"action_time": "2026-01-26T22:25:11.064Z", "user": 1, "content_type": 4, "object_id": "11", "object_repr": "RKollaga", "action_flag": 2, "change_message": "[{\"changed\": {\"fields\": [\"First name\", \"Last name\"]}}]"}}, {"model": "admin.logentry", "pk": 53, "fields": {"action_time": "2026-01-26T22:26:01.150Z", "user": 1, "content_type": 4, "object_id": "11", "object_repr": "RKollaga", "action_flag": 3, "change_message": ""}}, {"model": "admin.logentry", "pk": 54, "fields": {"action_time": "2026-01-26T22:26:33.454Z", "user": 1, "content_type": 4, "object_id": "21", "object_repr": "RKollaga", "action_flag": 1, "change_message": "[{\"added\": {}}]"}}, {"model": "admin.logentry", "pk": 55, "fields": {"action_time": "2026-01-26T22:27:00.836Z", "user": 1, "content_type": 9, "object_id": "19", "object_repr": "Kollaga, R (12320)", "action_flag": 1, "change_message": "[{\"added\": {}}]"}}, {"model": "admin.logentry", "pk": 56, "fields": {"action_time": "2026-01-27T07:46:52.010Z", "user": 1, "content_type": 4, "object_id": "6", "object_repr": "holger.kluge", "action_flag": 2, "change_message": "[{\"changed\": {\"fields\": [\"password\"]}}]"}}, {"model": "admin.logentry", "pk": 57, "fields": {"action_time": "2026-01-27T07:53:20.994Z", "user": 1, "content_type": 4, "object_id": "4", "object_repr": "anna.schmidt", "action_flag": 2, "change_message": "[{\"changed\": {\"fields\": [\"User permissions\"]}}]"}}, {"model": "admin.logentry", "pk": 58, "fields": {"action_time": "2026-01-27T11:46:24.532Z", "user": 1, "content_type": 9, "object_id": "5", "object_repr": "Kluge, Holger (MA0006)", "action_flag": 2, "change_message": "[{\"changed\": {\"fields\": [\"Abteilung\"]}}]"}}, {"model": "admin.logentry", "pk": 59, "fields": {"action_time": "2026-01-27T11:46:37.658Z", "user": 1, "content_type": 9, "object_id": "6", "object_repr": "Brach, Petra (12458)", "action_flag": 2, "change_message": "[{\"changed\": {\"fields\": [\"Abteilung\"]}}]"}}, {"model": "admin.logentry", "pk": 60, "fields": {"action_time": "2026-01-28T07:33:08.171Z", "user": 1, "content_type": 10, "object_id": "14", "object_repr": "Dienstag: 8:00h", "action_flag": 2, "change_message": "[]"}}, {"model": "admin.logentry", "pk": 61, "fields": {"action_time": "2026-01-29T06:57:28.285Z", "user": 1, "content_type": 8, "object_id": "34", "object_repr": "G Klein - Weiterbewilligung (2026-06-01)", "action_flag": 1, "change_message": "[{\"added\": {}}, {\"added\": {\"name\": \"Tagesarbeitszeit\", \"object\": \"Montag: 08:00\"}}, {\"added\": {\"name\": \"Tagesarbeitszeit\", \"object\": \"Dienstag: 08:00\"}}, {\"added\": {\"name\": \"Tagesarbeitszeit\", \"object\": \"Mittwoch: 08:00\"}}, {\"added\": {\"name\": \"Tagesarbeitszeit\", \"object\": \"Donnerstag: 08:00\"}}, {\"added\": {\"name\": \"Tagesarbeitszeit\", \"object\": \"Freitag: 08:00\"}}]"}}, {"model": "auth.user", "pk": 1, "fields": {"password": "pbkdf2_sha256$1200000$lENSz6NBEnZbdFgeqboLvV$/hDDmeUesf2ty9dF6RCyddA8Iti80bvmXC3ew2br220=", "last_login": "2026-01-29T15:06:54.316Z", "is_superuser": true, "username": "admin", "first_name": "", "last_name": "", "email": "geoklein@web.de", "is_staff": true, "is_active": true, "date_joined": "2026-01-21T17:23:06.723Z", "groups": [], "user_permissions": []}}, {"model": "auth.user", "pk": 3, "fields": {"password": "pbkdf2_sha256$1200000$S1tFYiPrFLtmBEkwnTUCUQ$mYru6wfK9d+S3wQ2FWYxKNd/J4mzvRBbWit31ODY5gM=", "last_login": "2026-01-21T20:22:43.779Z", "is_superuser": true, "username": "admin1", "first_name": "", "last_name": "", "email": "geoklein@web.de", "is_staff": true, "is_active": true, "date_joined": "2026-01-21T19:55:25.827Z", "groups": [], "user_permissions": []}}, {"model": "auth.user", "pk": 4, "fields": {"password": "pbkdf2_sha256$1200000$Vvlc5FSh5D4dDDq9Du333e$tzyfbPN8xqFiZCwyDMNpc9IBaOSO2ByiyQ4S3YpeB/U=", "last_login": "2026-01-29T15:37:23.970Z", "is_superuser": false, "username": "anna.schmidt", "first_name": "Anna", "last_name": "Schmidt", "email": "anna.schmidt@firma.de", "is_staff": true, "is_active": true, "date_joined": "2026-01-21T20:59:09Z", "groups": [], "user_permissions": [25, 26, 27, 28, 36]}}, {"model": "auth.user", "pk": 5, "fields": {"password": "pbkdf2_sha256$1200000$q2padAVPHDRHxTyWOemDBq$5EQ0QsT1eA2CF/+DZLMEEj2GxmBk9+I5RoWIyMAWHSk=", "last_login": "2026-01-29T15:31:52.620Z", "is_superuser": false, "username": "geoklein", "first_name": "Georg", "last_name": "Klein", "email": "geoklein@web.de", "is_staff": false, "is_active": true, "date_joined": "2026-01-22T15:58:21.352Z", "groups": [], "user_permissions": []}}, {"model": "auth.user", "pk": 6, "fields": {"password": "pbkdf2_sha256$1200000$NGzvp4r81QkL7IB7fVeNX1$uLxEq5wa2nO+6FhC/g4YJzql8nTsv+NZrKNUV/57tqk=", "last_login": "2026-01-27T11:47:09.414Z", "is_superuser": false, "username": "holger.kluge", "first_name": "Holger", "last_name": "Kluge", "email": "holger.kluge@firma.de", "is_staff": false, "is_active": true, "date_joined": "2026-01-26T18:44:35.127Z", "groups": [], "user_permissions": []}}, {"model": "auth.user", "pk": 7, "fields": {"password": "pbkdf2_sha256$1200000$xyAfiQVU1ZKShos8DC2ECu$UgG7B8UrdkxyNC6YxW21ubgHBDmzg1gqkbj59uhy89o=", "last_login": null, "is_superuser": false, "username": "PBrach", "first_name": "", "last_name": "", "email": "", "is_staff": false, "is_active": true, "date_joined": "2026-01-26T19:05:41.670Z", "groups": [], "user_permissions": []}}, {"model": "auth.user", "pk": 8, "fields": {"password": "pbkdf2_sha256$1200000$3pJZI38Cek0lMIPBraDqPG$e7U0ez4UaqGbG41joqS+j+DYZYf2aExqPNQQD2+qOMM=", "last_login": null, "is_superuser": false, "username": "UKlein", "first_name": "", "last_name": "", "email": "", "is_staff": false, "is_active": true, "date_joined": "2026-01-26T19:06:50Z", "groups": [], "user_permissions": []}}, {"model": "auth.user", "pk": 9, "fields": {"password": "pbkdf2_sha256$1200000$xAdjYuWKJHUPnJAFBDGMye$127yi2PTg22ylZh2Yc8Prqsb3PtqVWJhIox4+IwJFjI=", "last_login": null, "is_superuser": false, "username": "DEbbe", "first_name": "", "last_name": "", "email": "", "is_staff": false, "is_active": true, "date_joined": "2026-01-26T19:08:55.396Z", "groups": [], "user_permissions": []}}, {"model": "auth.user", "pk": 10, "fields": {"password": "pbkdf2_sha256$1200000$DBDX2IYnXhW6FQ4zm8WPmm$6w4K/qDy1TQC/l53VvdWAs2fwrGtCZKtXaw6OK8kBh0=", "last_login": null, "is_superuser": false, "username": "LHase", "first_name": "", "last_name": "", "email": "", "is_staff": false, "is_active": true, "date_joined": "2026-01-26T19:09:50.093Z", "groups": [], "user_permissions": []}}, {"model": "auth.user", "pk": 12, "fields": {"password": "pbkdf2_sha256$1200000$Mkcw4dDjrPgW1bCc2zG3sG$OtUOX3r9FD/tfLMtNtiLmbujHIbRfAgzR6VcDrvRKRw=", "last_login": null, "is_superuser": false, "username": "RKornischuk", "first_name": "", "last_name": "", "email": "", "is_staff": false, "is_active": true, "date_joined": "2026-01-26T19:11:40.989Z", "groups": [], "user_permissions": []}}, {"model": "auth.user", "pk": 13, "fields": {"password": "pbkdf2_sha256$1200000$TNsUJ4Ar0NsZa3qjoEMHdZ$cDJZhiy91epcEYZqCATZ7GHf45GeNa1nbtnUv6Q0W5M=", "last_login": null, "is_superuser": false, "username": "RKrausmacher", "first_name": "", "last_name": "", "email": "", "is_staff": false, "is_active": true, "date_joined": "2026-01-26T19:12:52.997Z", "groups": [], "user_permissions": []}}, {"model": "auth.user", "pk": 14, "fields": {"password": "pbkdf2_sha256$1200000$uUEM7aGvcTp4tnhAuQeeNQ$tjoWEKH61SqFQvSTQRFt5xdJgSZ4NCFl/dJIzRwRk0E=", "last_login": null, "is_superuser": false, "username": "Ugroﬂ", "first_name": "", "last_name": "", "email": "", "is_staff": false, "is_active": true, "date_joined": "2026-01-26T19:15:22.999Z", "groups": [], "user_permissions": []}}, {"model": "auth.user", "pk": 15, "fields": {"password": "pbkdf2_sha256$1200000$nr6BCj2JI4ZGbSZ9DMw8dM$j+IuaxCQBPHfmHCgZKxOeD1iqnFs8Cv21DS4v5sAyZQ=", "last_login": null, "is_superuser": false, "username": "MRensch", "first_name": "", "last_name": "", "email": "", "is_staff": false, "is_active": true, "date_joined": "2026-01-26T19:17:59.655Z", "groups": [], "user_permissions": []}}, {"model": "auth.user", "pk": 16, "fields": {"password": "pbkdf2_sha256$1200000$4b3fYPDrTdkXuEHHusCROz$CB+kR2ctMf1FYCpjWleEfRKqD7g6kccjO6A6jmYYYNE=", "last_login": null, "is_superuser": false, "username": "GSchumann", "first_name": "", "last_name": "", "email": "", "is_staff": false, "is_active": true, "date_joined": "2026-01-26T19:19:54.668Z", "groups": [], "user_permissions": []}}, {"model": "auth.user", "pk": 17, "fields": {"password": "pbkdf2_sha256$1200000$3ZJrMbtlthdEZUOHUcSU0X$BxoR70XzHE7Qr/0kQTWajt0AEDRXWSgy9C6YjqwG8ms=", "last_login": null, "is_superuser": false, "username": "SSohtup", "first_name": "", "last_name": "", "email": "", "is_staff": false, "is_active": true, "date_joined": "2026-01-26T19:21:16.697Z", "groups": [], "user_permissions": []}}, {"model": "auth.user", "pk": 18, "fields": {"password": "pbkdf2_sha256$1200000$45T2dyveCpmHtzpAPtxp3e$ORTEeKoYGEUKaGgzSQ9tpNuV4fRwCed7ahq0lP4SJzY=", "last_login": "2026-01-29T15:32:16.889Z", "is_superuser": false, "username": "CSporck", "first_name": "", "last_name": "", "email": "", "is_staff": false, "is_active": true, "date_joined": "2026-01-26T19:23:04.524Z", "groups": [], "user_permissions": []}}, {"model": "auth.user", "pk": 19, "fields": {"password": "pbkdf2_sha256$1200000$siJqYXAoFgCPknYpfYBkIi$JK/qpYIQ7U74eMg2aeyIg+ztGPWRRGuZCn2e5xJKK8g=", "last_login": null, "is_superuser": false, "username": "UUllmann", "first_name": "", "last_name": "", "email": "", "is_staff": false, "is_active": true, "date_joined": "2026-01-26T19:25:37.538Z", "groups": [], "user_permissions": []}}, {"model": "auth.user", "pk": 20, "fields": {"password": "pbkdf2_sha256$1200000$w4E4Y3Wf9RUxbCfxhhJtmz$ULPoy4c51TSihmVc6QTSLKkYah5gy6tWzUDwws0Xrr8=", "last_login": "2026-01-26T19:27:16.467Z", "is_superuser": false, "username": "AWeinart", "first_name": "", "last_name": "", "email": "", "is_staff": false, "is_active": true, "date_joined": "2026-01-26T19:26:37.634Z", "groups": [], "user_permissions": []}}, {"model": "auth.user", "pk": 21, "fields": {"password": "pbkdf2_sha256$1200000$fzwayci9NFYA7ZJOZCQJyg$XKiAOZfuvXgoaWxPAh9PVCy3Wsg8NB+VLbADnaf32nc=", "last_login": null, "is_superuser": false, "username": "RKollaga", "first_name": "", "last_name": "", "email": "", "is_staff": false, "is_active": true, "date_joined": "2026-01-26T22:26:33.092Z", "groups": [], "user_permissions": []}}, {"model": "sessions.session", "pk": "0o6i7hzvtfis1tb4937ioqlhtww4uq72", "fields": {"session_data": ".eJxVjEEOwiAQAP-yZ0NYKhR69O4bCMuuUjWQlPZk_Ltp0oNeZybzhpi2tcStyxJnhgkQTr-MUn5K3QU_Ur03lVtdl5nUnqjDdnVtLK_L0f4NSuoFJkiSb5757Ebns7NmCESYBzZWBy3InhlJxBijkTNaZ50lDiN644OQg88X8qA31g:1vkQBT:Ix8dM5J7ArhBHSL4me9pZ3s8oSoU-WzjeX5XRV9fleY", "expire_date": "2026-02-09T17:15:27.841Z"}}, {"model": "sessions.session", "pk": "2iym1fz33so0sq2lchngljjkzl8c3zzc", "fields": {"session_data": ".eJxVjEEOwiAQAP-yZ0NYKhR69O4bCMuuUjWQlPZk_Ltp0oNeZybzhpi2tcStyxJnhgkQTr-MUn5K3QU_Ur03lVtdl5nUnqjDdnVtLK_L0f4NSuoFJkiSb5757Ebns7NmCESYBzZWBy3InhlJxBijkTNaZ50lDiN644OQg88X8qA31g:1vkQTv:k4aCzZIiFASVPJDZie8PyNXb2aQs8xSQYIhqEr7Dn0w", "expire_date": "2026-02-09T17:34:31.695Z"}}, {"model": "sessions.session", "pk": "3ybph6kvmlbv118k224wvpdb8tu1px1w", "fields": {"session_data": ".eJxVjEEKwyAQAP-y5yJqUDc59t43yLq6NW0xEJNT6d9LIIf2OjPMGyLtW417L2ucM0zg4PLLEvGztEPkB7X7onhp2zondSTqtF3dllxe17P9G1TqFSYQFDGuGC9cPLO1Yjloo1NishqJTHCZNHrRmGxASQGDDNqP3g8jMny-BGA4DA:1vkrZ1:iiwaRXurbbFhsBZvijcI2CHVqTfo3skyCTMRjtX6FaM", "expire_date": "2026-02-10T22:29:35.745Z"}}, {"model": "sessions.session", "pk": "6ncrmzqf0t44s17gdlx9t0ct1uid7uau", "fields": {"session_data": ".eJxVjMsOwiAQAP9lz4Zsy7rQHr33GwgsIFUDSR8n47-bJj3odWYyb3B-34rb17S4OcIIBJdfFrw8Uz1EfPh6b0pa3ZY5qCNRp13V1GJ63c72b1D8WmAEFibOXbIYtSXTMwpyZ_QgSSQbDBgG9CZ1gjpng9ZHJiLqMV8tawufL83TNxQ:1vjaSB:oKjInKFOEcIoCmDpQiCSIVKVouV72oGeYfx8w-H8qYc", "expire_date": "2026-02-07T10:01:15.083Z"}}, {"model": "sessions.session", "pk": "7yb0a5mgvvfy8krt06e5afmrzwa9k2na", "fields": {"session_data": ".eJxVjEEOwiAQAP-yZ0NYKhR69O4bCMuuUjWQlPZk_Ltp0oNeZybzhpi2tcStyxJnhgkQTr-MUn5K3QU_Ur03lVtdl5nUnqjDdnVtLK_L0f4NSuoFJkiSb5757Ebns7NmCESYBzZWBy3InhlJxBijkTNaZ50lDiN644OQg88X8qA31g:1vkP0N:g1bDRmRPCYzZIQoMrLkiMVXoBSoPJSH5qIk72NJM4xc", "expire_date": "2026-02-09T15:59:55.264Z"}}, {"model": "sessions.session", "pk": "8ia5burz9imy5m9bwqdmmatwszrxrr9k", "fields": {"session_data": ".eJxVjDkOwjAQAP-yNbJ8JGs7JT1vsHZ94ABypDipEH9HkVJAOzOaNwTatxr2ntcwJ5hAw-WXMcVnbodID2r3RcSlbevM4kjEabu4LSm_rmf7N6jUK0yAzo0ZjVY2Sq11YcvkkYzLlmWKyYwsnbEDuqKUlBaVQXSRy4A-kZfw-QLAVDbn:1viwc3:XpMasE-OFivG4k6lVxGOwc6APPzxcjahotLnXfYubLc", "expire_date": "2026-02-05T15:28:47.206Z"}}, {"model": "sessions.session", "pk": "amc8ptde698oobgwyhmy5lcfz0m2uu9l", "fields": {"session_data": ".eJxVjEEOwiAQAP-yZ0NYKhR69O4bCMuuUjWQlPZk_Ltp0oNeZybzhpi2tcStyxJnhgkQTr-MUn5K3QU_Ur03lVtdl5nUnqjDdnVtLK_L0f4NSuoFJkiSb5757Ebns7NmCESYBzZWBy3InhlJxBijkTNaZ50lDiN644OQg88X8qA31g:1vkPFL:yPOsvjoFbeqcNckIbAk-hQrscLyUkqyVrN290cGIR5s", "expire_date": "2026-02-09T16:15:23.599Z"}}, {"model": "sessions.session", "pk": "diqxk08br007u3po9ka1bl624ofbszk5", "fields": {"session_data": ".eJxVjEEOwiAQAP-yZ0NYKhR69O4bCMuuUjWQlPZk_Ltp0oNeZybzhpi2tcStyxJnhgkQTr-MUn5K3QU_Ur03lVtdl5nUnqjDdnVtLK_L0f4NSuoFJkiSb5757Ebns7NmCESYBzZWBy3InhlJxBijkTNaZ50lDiN644OQg88X8qA31g:1vkVlb:xnAU0hrENMkYRcVCuIpPuxbznBUnb7AV31i4JpHmVrQ", "expire_date": "2026-02-09T23:13:07.799Z"}}, {"model": "sessions.session", "pk": "erbqw67cfrz1wemn5m2hr33wgma6rhor", "fields": {"session_data": ".eJxVjMsOwiAQAP9lz4Zsy7rQHr33GwgsIFUDSR8n47-bJj3odWYyb3B-34rb17S4OcIIBJdfFrw8Uz1EfPh6b0pa3ZY5qCNRp13V1GJ63c72b1D8WmAEFibOXbIYtSXTMwpyZ_QgSSQbDBgG9CZ1gjpng9ZHJiLqMV8tawufL83TNxQ:1vjaaD:PWp_ZdywENpGYI8Xg4EGllzhz818KcgBvw5H1isEKmk", "expire_date": "2026-02-07T10:09:33.044Z"}}, {"model": "sessions.session", "pk": "f892zj6bzwrlzmijdyohx2rgx0llq4fu", "fields": {"session_data": ".eJxVjDkOwjAQAP-yNbJ8JGs7JT1vsHZ94ABypDipEH9HkVJAOzOaNwTatxr2ntcwJ5hAw-WXMcVnbodID2r3RcSlbevM4kjEabu4LSm_rmf7N6jUK0yAzo0ZjVY2Sq11YcvkkYzLlmWKyYwsnbEDuqKUlBaVQXSRy4A-kZfw-QLAVDbn:1viwRW:CmC72TpHIwCH1ugD49lhqSvAy2an0a7fTf1NUyXYumU", "expire_date": "2026-02-05T15:17:54.683Z"}}, {"model": "sessions.session", "pk": "hobom2rc5ev346kusuwokdziq4mz2qzm", "fields": {"session_data": ".eJxVjEEOwiAQAP-yZ0MWKIXt0btvaGBZpGrapLQn499Nkx70OjOZN4xx3-q4N1nHKcMADi6_LEV-ynyI_IjzfVG8zNs6JXUk6rRN3ZYsr-vZ_g1qbBUGKJ1ndkipD9ElRiM-h0i91lhMr0OwDi2Sxa6YLjOxGEvWCSYiLd7D5wvOlTbu:1vkdKl:YQm9cSkbopav-RZ0_jbJ2GFpnUbLSgV9afl1inQCB-U", "expire_date": "2026-02-10T07:17:55.680Z"}}, {"model": "sessions.session", "pk": "kbuxom6o2yd0g0kutlultna6thac7ov0", "fields": {"session_data": ".eJxVjEEOwiAQAP-yZ0NYKhR69O4bCMuuUjWQlPZk_Ltp0oNeZybzhpi2tcStyxJnhgkQTr-MUn5K3QU_Ur03lVtdl5nUnqjDdnVtLK_L0f4NSuoFJkiSb5757Ebns7NmCESYBzZWBy3InhlJxBijkTNaZ50lDiN644OQg88X8qA31g:1vkd6u:PVtWDRGREK6x0s6DEm5TypSo9Er7FybVDccnxYMhHcI", "expire_date": "2026-02-10T07:03:36.084Z"}}, {"model": "sessions.session", "pk": "lnn985u58ciukhlt5e7g7b4xsz9oycl2", "fields": {"session_data": ".eJxVjMsOwiAQAP9lz4Zsy7rQHr33GwgsIFUDSR8n47-bJj3odWYyb3B-34rb17S4OcIIBJdfFrw8Uz1EfPh6b0pa3ZY5qCNRp13V1GJ63c72b1D8WmAEFibOXbIYtSXTMwpyZ_QgSSQbDBgG9CZ1gjpng9ZHJiLqMV8tawufL83TNxQ:1vifNM:YrpNmnRbuQmHSDGbDmlh6eGLBCRS6Ve7O_9LPA6Xp50", "expire_date": "2026-02-04T21:04:28.254Z"}}, {"model": "sessions.session", "pk": "lxhlxw4c7h2tzyia1cp0opzi68tuzs47", "fields": {"session_data": ".eJxVjEEOwiAQAP-yZ0NYKhR69O4bCMuuUjWQlPZk_Ltp0oNeZybzhpi2tcStyxJnhgkQTr-MUn5K3QU_Ur03lVtdl5nUnqjDdnVtLK_L0f4NSuoFJkiSb5757Ebns7NmCESYBzZWBy3InhlJxBijkTNaZ50lDiN644OQg88X8qA31g:1vkQL2:ARGU-0dSW-oVh9cInDW2ozmlooC8AfHocfAhhFUjDBg", "expire_date": "2026-02-09T17:25:20.150Z"}}, {"model": "sessions.session", "pk": "shiuq0pgfql96dqk4d2el98fk7t4c1el", "fields": {"session_data": ".eJxVjEEOwiAQAP-yZ0MWKIXt0btvaGBZpGrapLQn499Nkx70OjOZN4xx3-q4N1nHKcMADi6_LEV-ynyI_IjzfVG8zNs6JXUk6rRN3ZYsr-vZ_g1qbBUGKJ1ndkipD9ElRiM-h0i91lhMr0OwDi2Sxa6YLjOxGEvWCSYiLd7D5wvOlTbu:1vjaEj:WNt2_1PolgD0Na1D0Sr_xhx5eXwdlTkC-NiZQbpDreE", "expire_date": "2026-02-07T09:47:21.254Z"}}, {"model": "sessions.session", "pk": "wpxx6de6l00barhiyrrc3xd4vwr7dddv", "fields": {"session_data": ".eJxVjMsOwiAQAP9lz4Zsy7rQHr33GwgsIFUDSR8n47-bJj3odWYyb3B-34rb17S4OcIIBJdfFrw8Uz1EfPh6b0pa3ZY5qCNRp13V1GJ63c72b1D8WmAEFibOXbIYtSXTMwpyZ_QgSSQbDBgG9CZ1gjpng9ZHJiLqMV8tawufL83TNxQ:1vixw2:V1kHVEiD6oSjQerF--13ivhkeUz1waWfGWV8GGQonDw", "expire_date": "2026-02-05T16:53:30.214Z"}}, {"model": "sessions.session", "pk": "xnrp5cnuko9nsw18pz1ml7rm5ebmq036", "fields": {"session_data": ".eJxVjLsOwjAMAP_FM4pq8mjdkb3fUDl2QgqokfqYEP-OKnWA9e50bxh538q4r2kZJ4UeHFx-WWR5pvkQ-uD5Xo3UeVumaI7EnHY1Q9X0up3t36DwWqAHr2Q7Ug3ZUdsFjNQIWi-sGDNLI0GEiZxD9ESaLaVwjZwbaTMjMny-7IE4bA:1vlU5D:KaH5g9K1s2EexpRG5ufRTRHKIrfROAFqHw8cRt17tBY", "expire_date": "2026-02-12T15:37:23.972Z"}}, {"model": "arbeitszeit.mitarbeiter", "pk": 2, "fields": {"user": 4, "personalnummer": "SB001", "vorname": "Anna", "nachname": "Schmidt", "abteilung": "HR", "standort": "siegburg", "rolle": "sachbearbeiter", "eintrittsdatum": "2026-01-21", "aktiv": true, "created_at": "2026-01-21T20:59:09.864Z", "updated_at": "2026-01-26T14:49:07.476Z", "schichtplan_kennung": "", "nur_zusatzdienste_wochentags": false, "schichtplan_einschraenkungen": "", "arbeitszeit_typ": "typ_c", "kann_tagschicht": true, "kann_nachtschicht": true, "nur_zusatzarbeiten": false, "max_wochenenden_pro_monat": 4, "verfuegbarkeit": "voll", "nachtschicht_nur_wochenende": false, "max_schichten_pro_monat": null, "max_aufeinanderfolgende_tage": 5, "schichtplan_bemerkungen": "", "planungs_prioritaet": "normal"}}, {"model": "arbeitszeit.mitarbeiter", "pk": 3, "fields": {"user": 5, "personalnummer": "12345", "vorname": "G", "nachname": "Klein", "abteilung": "Kongos", "standort": "siegburg", "rolle": "mitarbeiter", "eintrittsdatum": "2026-01-01", "aktiv": true, "created_at": "2026-01-22T15:58:21.697Z", "updated_at": "2026-01-26T22:22:38.396Z", "schichtplan_kennung": "MA5", "nur_zusatzdienste_wochentags": false, "schichtplan_einschraenkungen": "", "arbeitszeit_typ": "typ_c", "kann_tagschicht": true, "kann_nachtschicht": true, "nur_zusatzarbeiten": false, "max_wochenenden_pro_monat": 4, "verfuegbarkeit": "voll", "nachtschicht_nur_wochenende": false, "max_schichten_pro_monat": null, "max_aufeinanderfolgende_tage": 5, "schichtplan_bemerkungen": "", "planungs_prioritaet": "normal"}}, {"model": "arbeitszeit.mitarbeiter", "pk": 4, "fields": {"user": 1, "personalnummer": "MA0001", "vorname": "Vorname", "nachname": "Nachname", "abteilung": "Allgemein", "standort": "siegburg", "rolle": "mitarbeiter", "eintrittsdatum": "2026-01-26", "aktiv": true, "created_at": "2026-01-26T15:56:28.564Z", "updated_at": "2026-01-26T15:56:28.564Z", "schichtplan_kennung": "", "nur_zusatzdienste_wochentags": false, "schichtplan_einschraenkungen": "", "arbeitszeit_typ": "typ_c", "kann_tagschicht": true, "kann_nachtschicht": true, "nur_zusatzarbeiten": false, "max_wochenenden_pro_monat": 4, "verfuegbarkeit": "voll", "nachtschicht_nur_wochenende": false, "max_schichten_pro_monat": null, "max_aufeinanderfolgende_tage": 5, "schichtplan_bemerkungen": "", "planungs_prioritaet": "normal"}}, {"model": "arbeitszeit.mitarbeiter", "pk": 5, "fields": {"user": 6, "personalnummer": "MA0006", "vorname": "Holger", "nachname": "Kluge", "abteilung": "Kongos", "standort": "siegburg", "rolle": "schichtplaner", "eintrittsdatum": "2026-01-26", "aktiv": true, "created_at": "2026-01-26T18:50:21.857Z", "updated_at": "2026-01-27T11:46:24.531Z", "schichtplan_kennung": "", "nur_zusatzdienste_wochentags": false, "schichtplan_einschraenkungen": "", "arbeitszeit_typ": "typ_c", "kann_tagschicht": true, "kann_nachtschicht": true, "nur_zusatzarbeiten": false, "max_wochenenden_pro_monat": 4, "verfuegbarkeit": "voll", "nachtschicht_nur_wochenende": false, "max_schichten_pro_monat": null, "max_aufeinanderfolgende_tage": 5, "schichtplan_bemerkungen": "", "planungs_prioritaet": "normal"}}, {"model": "arbeitszeit.mitarbeiter", "pk": 6, "fields": {"user": 7, "personalnummer": "12458", "vorname": "Petra", "nachname": "Brach", "abteilung": "Kongos", "standort": "siegburg", "rolle": "mitarbeiter", "eintrittsdatum": "2026-01-01", "aktiv": true, "created_at": "2026-01-26T19:06:23.496Z", "updated_at": "2026-01-27T11:46:37.657Z", "schichtplan_kennung": "MA1", "nur_zusatzdienste_wochentags": false, "schichtplan_einschraenkungen": "", "arbeitszeit_typ": "typ_c", "kann_tagschicht": true, "kann_nachtschicht": true, "nur_zusatzarbeiten": false, "max_wochenenden_pro_monat": 4, "verfuegbarkeit": "voll", "nachtschicht_nur_wochenende": false, "max_schichten_pro_monat": null, "max_aufeinanderfolgende_tage": 5, "schichtplan_bemerkungen": "", "planungs_prioritaet": "normal"}}, {"model": "arbeitszeit.mitarbeiter", "pk": 7, "fields": {"user": 8, "personalnummer": "12314", "vorname": "U", "nachname": "Klein", "abteilung": "Kongos", "standort": "siegburg", "rolle": "mitarbeiter", "eintrittsdatum": "2026-01-01", "aktiv": true, "created_at": "2026-01-26T19:08:32.699Z", "updated_at": "2026-01-26T22:21:56.805Z", "schichtplan_kennung": "MA2", "nur_zusatzdienste_wochentags": false, "schichtplan_einschraenkungen": "", "arbeitszeit_typ": "typ_c", "kann_tagschicht": true, "kann_nachtschicht": true, "nur_zusatzarbeiten": false, "max_wochenenden_pro_monat": 4, "verfuegbarkeit": "voll", "nachtschicht_nur_wochenende": false, "max_schichten_pro_monat": null, "max_aufeinanderfolgende_tage": 5, "schichtplan_bemerkungen": "", "planungs_prioritaet": "normal"}}, {"model": "arbeitszeit.mitarbeiter", "pk": 8, "fields": {"user": 9, "personalnummer": "12347", "vorname": "D", "nachname": "Ebbe", "abteilung": "Kongos", "standort": "siegburg", "rolle": "mitarbeiter", "eintrittsdatum": "2026-01-01", "aktiv": true, "created_at": "2026-01-26T19:09:21.066Z", "updated_at": "2026-01-26T22:42:34.337Z", "schichtplan_kennung": "MA3", "nur_zusatzdienste_wochentags": false, "schichtplan_einschraenkungen": "", "arbeitszeit_typ": "typ_c", "kann_tagschicht": true, "kann_nachtschicht": true, "nur_zusatzarbeiten": false, "max_wochenenden_pro_monat": 4, "verfuegbarkeit": "dauerkrank", "nachtschicht_nur_wochenende": false, "max_schichten_pro_monat": null, "max_aufeinanderfolgende_tage": 5, "schichtplan_bemerkungen": "", "planungs_prioritaet": "normal"}}, {"model": "arbeitszeit.mitarbeiter", "pk": 9, "fields": {"user": 10, "personalnummer": "12348", "vorname": "L", "nachname": "Hase", "abteilung": "Kongos", "standort": "siegburg", "rolle": "mitarbeiter", "eintrittsdatum": "2026-01-01", "aktiv": true, "created_at": "2026-01-26T19:10:16.846Z", "updated_at": "2026-01-26T22:22:26.670Z", "schichtplan_kennung": "MA4", "nur_zusatzdienste_wochentags": false, "schichtplan_einschraenkungen": "", "arbeitszeit_typ": "typ_c", "kann_tagschicht": true, "kann_nachtschicht": true, "nur_zusatzarbeiten": false, "max_wochenenden_pro_monat": 4, "verfuegbarkeit": "voll", "nachtschicht_nur_wochenende": false, "max_schichten_pro_monat": null, "max_aufeinanderfolgende_tage": 5, "schichtplan_bemerkungen": "", "planungs_prioritaet": "normal"}}, {"model": "arbeitszeit.mitarbeiter", "pk": 10, "fields": {"user": 12, "personalnummer": "12310", "vorname": "R", "nachname": "Kornischuk", "abteilung": "Kongos", "standort": "siegburg", "rolle": "schichtplaner", "eintrittsdatum": "2026-01-01", "aktiv": true, "created_at": "2026-01-26T19:12:17.548Z", "updated_at": "2026-01-26T22:27:49.174Z", "schichtplan_kennung": "MA7", "nur_zusatzdienste_wochentags": false, "schichtplan_einschraenkungen": "", "arbeitszeit_typ": "typ_c", "kann_tagschicht": true, "kann_nachtschicht": true, "nur_zusatzarbeiten": false, "max_wochenenden_pro_monat": 4, "verfuegbarkeit": "voll", "nachtschicht_nur_wochenende": false, "max_schichten_pro_monat": null, "max_aufeinanderfolgende_tage": 5, "schichtplan_bemerkungen": "", "planungs_prioritaet": "normal"}}, {"model": "arbeitszeit.mitarbeiter", "pk": 11, "fields": {"user": 13, "personalnummer": "12311", "vorname": "R", "nachname": "Krausmacher", "abteilung": "Kongos", "standort": "siegburg", "rolle": "mitarbeiter", "eintrittsdatum": "2026-01-01", "aktiv": true, "created_at": "2026-01-26T19:13:33.495Z", "updated_at": "2026-01-26T22:28:00.219Z", "schichtplan_kennung": "MA8", "nur_zusatzdienste_wochentags": false, "schichtplan_einschraenkungen": "", "arbeitszeit_typ": "typ_c", "kann_tagschicht": true, "kann_nachtschicht": true, "nur_zusatzarbeiten": false, "max_wochenenden_pro_monat": 4, "verfuegbarkeit": "voll", "nachtschicht_nur_wochenende": false, "max_schichten_pro_monat": null, "max_aufeinanderfolgende_tage": 5, "schichtplan_bemerkungen": "", "planungs_prioritaet": "normal"}}, {"model": "arbeitszeit.mitarbeiter", "pk": 12, "fields": {"user": 14, "personalnummer": "12312", "vorname": "U", "nachname": "Groﬂ", "abteilung": "Kongos", "standort": "siegburg", "rolle": "mitarbeiter", "eintrittsdatum": "2026-01-01", "aktiv": true, "created_at": "2026-01-26T19:15:51.303Z", "updated_at": "2026-01-26T22:28:17.080Z", "schichtplan_kennung": "MA9", "nur_zusatzdienste_wochentags": false, "schichtplan_einschraenkungen": "", "arbeitszeit_typ": "typ_c", "kann_tagschicht": true, "kann_nachtschicht": true, "nur_zusatzarbeiten": false, "max_wochenenden_pro_monat": 4, "verfuegbarkeit": "voll", "nachtschicht_nur_wochenende": false, "max_schichten_pro_monat": null, "max_aufeinanderfolgende_tage": 5, "schichtplan_bemerkungen": "", "planungs_prioritaet": "normal"}}, {"model": "arbeitszeit.mitarbeiter", "pk": 13, "fields": {"user": 15, "personalnummer": "12313", "vorname": "M", "nachname": "Rensch", "abteilung": "Kongos", "standort": "siegburg", "rolle": "mitarbeiter", "eintrittsdatum": "2026-01-01", "aktiv": true, "created_at": "2026-01-26T19:18:46.450Z", "updated_at": "2026-01-26T22:28:26.531Z", "schichtplan_kennung": "MA10", "nur_zusatzdienste_wochentags": false, "schichtplan_einschraenkungen": "", "arbeitszeit_typ": "typ_c", "kann_tagschicht": true, "kann_nachtschicht": true, "nur_zusatzarbeiten": false, "max_wochenenden_pro_monat": 4, "verfuegbarkeit": "voll", "nachtschicht_nur_wochenende": false, "max_schichten_pro_monat": null, "max_aufeinanderfolgende_tage": 5, "schichtplan_bemerkungen": "", "planungs_prioritaet": "normal"}}, {"model": "arbeitszeit.mitarbeiter", "pk": 14, "fields": {"user": 16, "personalnummer": "12315", "vorname": "G", "nachname": "Schumann", "abteilung": "Kongos", "standort": "siegburg", "rolle": "mitarbeiter", "eintrittsdatum": "2026-01-01", "aktiv": true, "created_at": "2026-01-26T19:20:18.770Z", "updated_at": "2026-01-26T22:29:56.932Z", "schichtplan_kennung": "MA11", "nur_zusatzdienste_wochentags": false, "schichtplan_einschraenkungen": "", "arbeitszeit_typ": "typ_c", "kann_tagschicht": true, "kann_nachtschicht": true, "nur_zusatzarbeiten": false, "max_wochenenden_pro_monat": 4, "verfuegbarkeit": "voll", "nachtschicht_nur_wochenende": false, "max_schichten_pro_monat": null, "max_aufeinanderfolgende_tage": 5, "schichtplan_bemerkungen": "", "planungs_prioritaet": "normal"}}, {"model": "arbeitszeit.mitarbeiter", "pk": 15, "fields": {"user": 17, "personalnummer": "12316", "vorname": "S", "nachname": "Sohup", "abteilung": "Kongos", "standort": "siegburg", "rolle": "mitarbeiter", "eintrittsdatum": "2026-01-01", "aktiv": true, "created_at": "2026-01-26T19:21:51.986Z", "updated_at": "2026-01-26T22:28:55.259Z", "schichtplan_kennung": "MA12", "nur_zusatzdienste_wochentags": false, "schichtplan_einschraenkungen": "", "arbeitszeit_typ": "typ_c", "kann_tagschicht": true, "kann_nachtschicht": true, "nur_zusatzarbeiten": false, "max_wochenenden_pro_monat": 4, "verfuegbarkeit": "voll", "nachtschicht_nur_wochenende": false, "max_schichten_pro_monat": null, "max_aufeinanderfolgende_tage": 5, "schichtplan_bemerkungen": "", "planungs_prioritaet": "normal"}}, {"model": "arbeitszeit.mitarbeiter", "pk": 16, "fields": {"user": 18, "personalnummer": "12317", "vorname": "C", "nachname": "Sporck", "abteilung": "Kongos", "standort": "siegburg", "rolle": "schichtplaner", "eintrittsdatum": "2026-01-01", "aktiv": true, "created_at": "2026-01-26T19:23:35.445Z", "updated_at": "2026-01-26T22:29:08.457Z", "schichtplan_kennung": "MA13", "nur_zusatzdienste_wochentags": false, "schichtplan_einschraenkungen": "", "arbeitszeit_typ": "typ_c", "kann_tagschicht": true, "kann_nachtschicht": true, "nur_zusatzarbeiten": false, "max_wochenenden_pro_monat": 4, "verfuegbarkeit": "voll", "nachtschicht_nur_wochenende": false, "max_schichten_pro_monat": null, "max_aufeinanderfolgende_tage": 5, "schichtplan_bemerkungen": "", "planungs_prioritaet": "normal"}}, {"model": "arbeitszeit.mitarbeiter", "pk": 17, "fields": {"user": 19, "personalnummer": "12318", "vorname": "U", "nachname": "Ullmann", "abteilung": "Kongos", "standort": "siegburg", "rolle": "mitarbeiter", "eintrittsdatum": "2026-01-01", "aktiv": true, "created_at": "2026-01-26T19:26:00.325Z", "updated_at": "2026-01-26T22:29:46.121Z", "schichtplan_kennung": "MA14", "nur_zusatzdienste_wochentags": false, "schichtplan_einschraenkungen": "", "arbeitszeit_typ": "typ_c", "kann_tagschicht": true, "kann_nachtschicht": true, "nur_zusatzarbeiten": false, "max_wochenenden_pro_monat": 4, "verfuegbarkeit": "voll", "nachtschicht_nur_wochenende": false, "max_schichten_pro_monat": null, "max_aufeinanderfolgende_tage": 5, "schichtplan_bemerkungen": "", "planungs_prioritaet": "normal"}}, {"model": "arbeitszeit.mitarbeiter", "pk": 18, "fields": {"user": 20, "personalnummer": "12319", "vorname": "A", "nachname": "Weinart", "abteilung": "Kongos", "standort": "siegburg", "rolle": "mitarbeiter", "eintrittsdatum": "2026-01-01", "aktiv": true, "created_at": "2026-01-26T19:26:59.680Z", "updated_at": "2026-01-26T22:29:31.904Z", "schichtplan_kennung": "Ma15", "nur_zusatzdienste_wochentags": false, "schichtplan_einschraenkungen": "", "arbeitszeit_typ": "typ_c", "kann_tagschicht": true, "kann_nachtschicht": true, "nur_zusatzarbeiten": false, "max_wochenenden_pro_monat": 4, "verfuegbarkeit": "voll", "nachtschicht_nur_wochenende": false, "max_schichten_pro_monat": null, "max_aufeinanderfolgende_tage": 5, "schichtplan_bemerkungen": "", "planungs_prioritaet": "normal"}}, {"model": "arbeitszeit.mitarbeiter", "pk": 19, "fields": {"user": 21, "personalnummer": "12320", "vorname": "R", "nachname": "Kollaga", "abteilung": "Kongos", "standort": "siegburg", "rolle": "mitarbeiter", "eintrittsdatum": "2026-01-01", "aktiv": true, "created_at": "2026-01-26T22:27:00.835Z", "updated_at": "2026-01-26T22:42:44.191Z", "schichtplan_kennung": "MA6", "nur_zusatzdienste_wochentags": false, "schichtplan_einschraenkungen": "", "arbeitszeit_typ": "typ_c", "kann_tagschicht": true, "kann_nachtschicht": true, "nur_zusatzarbeiten": false, "max_wochenenden_pro_monat": 4, "verfuegbarkeit": "dauerkrank", "nachtschicht_nur_wochenende": false, "max_schichten_pro_monat": null, "max_aufeinanderfolgende_tage": 5, "schichtplan_bemerkungen": "", "planungs_prioritaet": "normal"}}, {"model": "arbeitszeit.arbeitszeitvereinbarung", "pk": 10, "fields": {"mitarbeiter": 3, "antragsart": "verringerung", "arbeitszeit_typ": "individuell", "wochenstunden": null, "gueltig_ab": "2026-01-01", "gueltig_bis": "2026-01-26", "telearbeit": true, "status": "aktiv", "genehmigt_von": 4, "genehmigt_am": "2026-01-24T10:09:52.669Z", "beendigung_beantragt": false, "beendigung_datum": null, "bemerkungen": "", "created_at": "2026-01-24T10:09:18.691Z", "updated_at": "2026-01-24T10:53:52.187Z"}}, {"model": "arbeitszeit.arbeitszeitvereinbarung", "pk": 11, "fields": {"mitarbeiter": 3, "antragsart": "erhoehung", "arbeitszeit_typ": "individuell", "wochenstunden": null, "gueltig_ab": "2026-01-26", "gueltig_bis": "2026-01-27", "telearbeit": true, "status": "aktiv", "genehmigt_von": 4, "genehmigt_am": "2026-01-24T11:19:02.247Z", "beendigung_beantragt": false, "beendigung_datum": null, "bemerkungen": "", "created_at": "2026-01-24T11:17:56.516Z", "updated_at": "2026-01-27T11:14:27.399Z"}}, {"model": "arbeitszeit.arbeitszeitvereinbarung", "pk": 12, "fields": {"mitarbeiter": 3, "antragsart": "erhoehung", "arbeitszeit_typ": "individuell", "wochenstunden": null, "gueltig_ab": "2026-02-02", "gueltig_bis": "2026-02-04", "telearbeit": true, "status": "aktiv", "genehmigt_von": 4, "genehmigt_am": "2026-01-24T11:29:33.561Z", "beendigung_beantragt": false, "beendigung_datum": null, "bemerkungen": "", "created_at": "2026-01-24T11:28:37.046Z", "updated_at": "2026-01-28T15:04:21.928Z"}}, {"model": "arbeitszeit.arbeitszeitvereinbarung", "pk": 34, "fields": {"mitarbeiter": 3, "antragsart": "weiterbewilligung", "arbeitszeit_typ": "individuell", "wochenstunden": "40.00", "gueltig_ab": "2026-06-01", "gueltig_bis": "2026-06-30", "telearbeit": false, "status": "entwurf", "genehmigt_von": null, "genehmigt_am": null, "beendigung_beantragt": false, "beendigung_datum": null, "bemerkungen": "", "created_at": "2026-01-29T06:57:28.249Z", "updated_at": "2026-01-29T06:57:28.249Z"}}, {"model": "arbeitszeit.arbeitszeitvereinbarung", "pk": 37, "fields": {"mitarbeiter": 3, "antragsart": "weiterbewilligung", "arbeitszeit_typ": "", "wochenstunden": null, "gueltig_ab": "2026-04-01", "gueltig_bis": "2026-04-30", "telearbeit": false, "status": "abgelehnt", "genehmigt_von": null, "genehmigt_am": null, "beendigung_beantragt": false, "beendigung_datum": null, "bemerkungen": "", "created_at": "2026-01-29T09:46:41.787Z", "updated_at": "2026-01-29T15:30:55.957Z"}}, {"model": "arbeitszeit.arbeitszeitvereinbarung", "pk": 38, "fields": {"mitarbeiter": 3, "antragsart": "weiterbewilligung", "arbeitszeit_typ": "regelmaessig", "wochenstunden": null, "gueltig_ab": "2026-03-01", "gueltig_bis": "2026-03-05", "telearbeit": false, "status": "entwurf", "genehmigt_von": null, "genehmigt_am": null, "beendigung_beantragt": false, "beendigung_datum": null, "bemerkungen": "", "created_at": "2026-01-29T10:46:09.065Z", "updated_at": "2026-01-29T10:46:09.065Z"}}, {"model": "arbeitszeit.arbeitszeitvereinbarung", "pk": 40, "fields": {"mitarbeiter": 3, "antragsart": "weiterbewilligung", "arbeitszeit_typ": "regelmaessig", "wochenstunden": null, "gueltig_ab": "2026-03-05", "gueltig_bis": "2026-03-04", "telearbeit": false, "status": "abgelehnt", "genehmigt_von": null, "genehmigt_am": null, "beendigung_beantragt": false, "beendigung_datum": null, "bemerkungen": "", "created_at": "2026-01-29T14:27:49.644Z", "updated_at": "2026-01-29T15:07:27.930Z"}}, {"model": "arbeitszeit.arbeitszeitvereinbarung", "pk": 41, "fields": {"mitarbeiter": 3, "antragsart": "weiterbewilligung", "arbeitszeit_typ": "individuell", "wochenstunden": null, "gueltig_ab": "2026-07-01", "gueltig_bis": "2026-07-31", "telearbeit": false, "status": "abgelehnt", "genehmigt_von": null, "genehmigt_am": null, "beendigung_beantragt": false, "beendigung_datum": null, "bemerkungen": "", "created_at": "2026-01-29T15:05:45.103Z", "updated_at": "2026-01-29T15:07:20.866Z"}}, {"model": "arbeitszeit.tagesarbeitszeit", "pk": 5, "fields": {"vereinbarung": 10, "wochentag": "montag", "zeitwert": 400, "woche": 1}}, {"model": "arbeitszeit.tagesarbeitszeit", "pk": 6, "fields": {"vereinbarung": 10, "wochentag": "dienstag", "zeitwert": 600, "woche": 1}}, {"model": "arbeitszeit.tagesarbeitszeit", "pk": 7, "fields": {"vereinbarung": 10, "wochentag": "mittwoch", "zeitwert": 730, "woche": 1}}, {"model": "arbeitszeit.tagesarbeitszeit", "pk": 8, "fields": {"vereinbarung": 10, "wochentag": "donnerstag", "zeitwert": 600, "woche": 1}}, {"model": "arbeitszeit.tagesarbeitszeit", "pk": 9, "fields": {"vereinbarung": 11, "wochentag": "montag", "zeitwert": 700, "woche": 1}}, {"model": "arbeitszeit.tagesarbeitszeit", "pk": 10, "fields": {"vereinbarung": 11, "wochentag": "dienstag", "zeitwert": 700, "woche": 1}}, {"model": "arbeitszeit.tagesarbeitszeit", "pk": 11, "fields": {"vereinbarung": 11, "wochentag": "mittwoch", "zeitwert": 600, "woche": 1}}, {"model": "arbeitszeit.tagesarbeitszeit", "pk": 12, "fields": {"vereinbarung": 11, "wochentag": "donnerstag", "zeitwert": 700, "woche": 1}}, {"model": "arbeitszeit.tagesarbeitszeit", "pk": 13, "fields": {"vereinbarung": 12, "wochentag": "montag", "zeitwert": 800, "woche": 1}}, {"model": "arbeitszeit.tagesarbeitszeit", "pk": 14, "fields": {"vereinbarung": 12, "wochentag": "dienstag", "zeitwert": 800, "woche": 1}}, {"model": "arbeitszeit.tagesarbeitszeit", "pk": 15, "fields": {"vereinbarung": 12, "wochentag": "mittwoch", "zeitwert": 800, "woche": 1}}, {"model": "arbeitszeit.tagesarbeitszeit", "pk": 16, "fields": {"vereinbarung": 12, "wochentag": "donnerstag", "zeitwert": 700, "woche": 1}}, {"model": "arbeitszeit.tagesarbeitszeit", "pk": 36, "fields": {"vereinbarung": 34, "wochentag": "montag", "zeitwert": 800, "woche": 1}}, {"model": "arbeitszeit.tagesarbeitszeit", "pk": 37, "fields": {"vereinbarung": 34, "wochentag": "dienstag", "zeitwert": 800, "woche": 1}}, {"model": "arbeitszeit.tagesarbeitszeit", "pk": 38, "fields": {"vereinbarung": 34, "wochentag": "mittwoch", "zeitwert": 800, "woche": 1}}, {"model": "arbeitszeit.tagesarbeitszeit", "pk": 39, "fields": {"vereinbarung": 34, "wochentag": "donnerstag", "zeitwert": 800, "woche": 1}}, {"model": "arbeitszeit.tagesarbeitszeit", "pk": 40, "fields": {"vereinbarung": 34, "wochentag": "freitag", "zeitwert": 800, "woche": 1}}, {"model": "arbeitszeit.tagesarbeitszeit", "pk": 41, "fields": {"vereinbarung": 37, "wochentag": "montag", "zeitwert": 360, "woche": 1}}, {"model": "arbeitszeit.tagesarbeitszeit", "pk": 42, "fields": {"vereinbarung": 37, "wochentag": "dienstag", "zeitwert": 360, "woche": 1}}, {"model": "arbeitszeit.tagesarbeitszeit", "pk": 43, "fields": {"vereinbarung": 37, "wochentag": "mittwoch", "zeitwert": 360, "woche": 1}}, {"model": "arbeitszeit.tagesarbeitszeit", "pk": 44, "fields": {"vereinbarung": 37, "wochentag": "donnerstag", "zeitwert": 360, "woche": 1}}, {"model": "arbeitszeit.tagesarbeitszeit", "pk": 45, "fields": {"vereinbarung": 37, "wochentag": "freitag", "zeitwert": 360, "woche": 1}}, {"model": "arbeitszeit.tagesarbeitszeit", "pk": 46, "fields": {"vereinbarung": 37, "wochentag": "montag", "zeitwert": 480, "woche": 2}}, {"model": "arbeitszeit.tagesarbeitszeit", "pk": 47, "fields": {"vereinbarung": 37, "wochentag": "dienstag", "zeitwert": 480, "woche": 2}}, {"model": "arbeitszeit.tagesarbeitszeit", "pk": 48, "fields": {"vereinbarung": 37, "wochentag": "mittwoch", "zeitwert": 480, "woche": 2}}, {"model": "arbeitszeit.tagesarbeitszeit", "pk": 49, "fields": {"vereinbarung": 37, "wochentag": "donnerstag", "zeitwert": 480, "woche": 2}}, {"model": "arbeitszeit.tagesarbeitszeit", "pk": 50, "fields": {"vereinbarung": 37, "wochentag": "freitag", "zeitwert": 480, "woche": 2}}, {"model": "arbeitszeit.tagesarbeitszeit", "pk": 51, "fields": {"vereinbarung": 38, "wochentag": "montag", "zeitwert": 800, "woche": 1}}, {"model": "arbeitszeit.tagesarbeitszeit", "pk": 52, "fields": {"vereinbarung": 38, "wochentag": "dienstag", "zeitwert": 800, "woche": 1}}, {"model": "arbeitszeit.tagesarbeitszeit", "pk": 53, "fields": {"vereinbarung": 38, "wochentag": "mittwoch", "zeitwert": 800, "woche": 1}}, {"model": "arbeitszeit.tagesarbeitszeit", "pk": 54, "fields": {"vereinbarung": 38, "wochentag": "donnerstag", "zeitwert": 800, "woche": 1}}, {"model": "arbeitszeit.tagesarbeitszeit", "pk": 55, "fields": {"vereinbarung": 38, "wochentag": "freitag", "zeitwert": 800, "woche": 1}}, {"model": "arbeitszeit.tagesarbeitszeit", "pk": 61, "fields": {"vereinbarung": 40, "wochentag": "montag", "zeitwert": 480, "woche": 1}}, {"model": "arbeitszeit.tagesarbeitszeit", "pk": 62, "fields": {"vereinbarung": 40, "wochentag": "dienstag", "zeitwert": 480, "woche": 1}}, {"model": "arbeitszeit.tagesarbeitszeit", "pk": 63, "fields": {"vereinbarung": 40, "wochentag": "mittwoch", "zeitwert": 480, "woche": 1}}, {"model": "arbeitszeit.tagesarbeitszeit", "pk": 64, "fields": {"vereinbarung": 40, "wochentag": "donnerstag", "zeitwert": 480, "woche": 1}}, {"model": "arbeitszeit.tagesarbeitszeit", "pk": 65, "fields": {"vereinbarung": 40, "wochentag": "freitag", "zeitwert": 480, "woche": 1}}, {"model": "arbeitszeit.tagesarbeitszeit", "pk": 66, "fields": {"vereinbarung": 41, "wochentag": "montag", "zeitwert": 360, "woche": 1}}, {"model": "arbeitszeit.tagesarbeitszeit", "pk": 67, "fields": {"vereinbarung": 41, "wochentag": "dienstag", "zeitwert": 360, "woche": 1}}, {"model": "arbeitszeit.tagesarbeitszeit", "pk": 68, "fields": {"vereinbarung": 41, "wochentag": "mittwoch", "zeitwert": 360, "woche": 1}}, {"model": "arbeitszeit.tagesarbeitszeit", "pk": 69, "fields": {"vereinbarung": 41, "wochentag": "donnerstag", "zeitwert": 360, "woche": 1}}, {"model": "arbeitszeit.tagesarbeitszeit", "pk": 70, "fields": {"vereinbarung": 41, "wochentag": "freitag", "zeitwert": 360, "woche": 1}}, {"model": "arbeitszeit.tagesarbeitszeit", "pk": 71, "fields": {"vereinbarung": 41, "wochentag": "montag", "zeitwert": 420, "woche": 2}}, {"model": "arbeitszeit.tagesarbeitszeit", "pk": 72, "fields": {"vereinbarung": 41, "wochentag": "dienstag", "zeitwert": 420, "woche": 2}}, {"model": "arbeitszeit.tagesarbeitszeit", "pk": 73, "fields": {"vereinbarung": 41, "wochentag": "mittwoch", "zeitwert": 420, "woche": 2}}, {"model": "arbeitszeit.tagesarbeitszeit", "pk": 74, "fields": {"vereinbarung": 41, "wochentag": "donnerstag", "zeitwert": 420, "woche": 2}}, {"model": "arbeitszeit.tagesarbeitszeit", "pk": 75, "fields": {"vereinbarung": 41, "wochentag": "freitag", "zeitwert": 420, "woche": 2}}, {"model": "arbeitszeit.arbeitszeithistorie", "pk": 19, "fields": {"vereinbarung": 10, "aenderung_durch": 5, "aenderung_am": "2026-01-24T10:09:18.703Z", "alter_status": "entwurf", "neuer_status": "beantragt", "bemerkung": "Verringerung erstellt und beantragt"}}, {"model": "arbeitszeit.arbeitszeithistorie", "pk": 20, "fields": {"vereinbarung": 10, "aenderung_durch": 4, "aenderung_am": "2026-01-24T10:09:52.673Z", "alter_status": "beantragt", "neuer_status": "genehmigt", "bemerkung": ""}}, {"model": "arbeitszeit.arbeitszeithistorie", "pk": 21, "fields": {"vereinbarung": 10, "aenderung_durch": 4, "aenderung_am": "2026-01-24T10:53:52.190Z", "alter_status": "genehmigt", "neuer_status": "aktiv", "bemerkung": ""}}, {"model": "arbeitszeit.arbeitszeithistorie", "pk": 22, "fields": {"vereinbarung": 11, "aenderung_durch": 5, "aenderung_am": "2026-01-24T11:17:56.527Z", "alter_status": "entwurf", "neuer_status": "beantragt", "bemerkung": "Erhˆhung erstellt und beantragt"}}, {"model": "arbeitszeit.arbeitszeithistorie", "pk": 23, "fields": {"vereinbarung": 11, "aenderung_durch": 4, "aenderung_am": "2026-01-24T11:19:02.249Z", "alter_status": "beantragt", "neuer_status": "genehmigt", "bemerkung": "ok "}}, {"model": "arbeitszeit.arbeitszeithistorie", "pk": 24, "fields": {"vereinbarung": 12, "aenderung_durch": 5, "aenderung_am": "2026-01-24T11:28:37.058Z", "alter_status": "entwurf", "neuer_status": "beantragt", "bemerkung": "Erhˆhung erstellt und beantragt"}}, {"model": "arbeitszeit.arbeitszeithistorie", "pk": 25, "fields": {"vereinbarung": 12, "aenderung_durch": 4, "aenderung_am": "2026-01-24T11:29:33.564Z", "alter_status": "beantragt", "neuer_status": "genehmigt", "bemerkung": ""}}, {"model": "arbeitszeit.arbeitszeithistorie", "pk": 28, "fields": {"vereinbarung": 11, "aenderung_durch": 4, "aenderung_am": "2026-01-27T11:14:27.402Z", "alter_status": "genehmigt", "neuer_status": "aktiv", "bemerkung": ""}}, {"model": "arbeitszeit.arbeitszeithistorie", "pk": 53, "fields": {"vereinbarung": 12, "aenderung_durch": 4, "aenderung_am": "2026-01-28T15:04:21.930Z", "alter_status": "genehmigt", "neuer_status": "aktiv", "bemerkung": ""}}, {"model": "arbeitszeit.arbeitszeithistorie", "pk": 69, "fields": {"vereinbarung": 37, "aenderung_durch": 5, "aenderung_am": "2026-01-29T09:46:41.809Z", "alter_status": "entwurf", "neuer_status": "beantragt", "bemerkung": "Weiterbewilligung erstellt und beantragt"}}, {"model": "arbeitszeit.arbeitszeithistorie", "pk": 70, "fields": {"vereinbarung": 41, "aenderung_durch": 4, "aenderung_am": "2026-01-29T15:07:20.868Z", "alter_status": "beantragt", "neuer_status": "abgelehnt", "bemerkung": ""}}, {"model": "arbeitszeit.arbeitszeithistorie", "pk": 71, "fields": {"vereinbarung": 40, "aenderung_durch": 4, "aenderung_am": "2026-01-29T15:07:27.933Z", "alter_status": "beantragt", "neuer_status": "abgelehnt", "bemerkung": ""}}, {"model": "arbeitszeit.arbeitszeithistorie", "pk": 73, "fields": {"vereinbarung": 37, "aenderung_durch": 4, "aenderung_am": "2026-01-29T15:30:55.960Z", "alter_status": "beantragt", "neuer_status": "abgelehnt", "bemerkung": ""}}, {"model": "schichtplan.schichttyp", "pk": 1, "fields": {"name": "Tagesschicht", "kuerzel": "Tag", "start_zeit": "05:45:00", "ende_zeit": "18:00:00", "farbe": "#FF9800", "pausenzeit_minuten": 0, "aktiv": true}}, {"model": "schichtplan.schichttyp", "pk": 2, "fields": {"name": "Nachtschicht", "kuerzel": "Nacht", "start_zeit": "17:45:00", "ende_zeit": "06:00:00", "farbe": "#607D8B", "pausenzeit_minuten": 0, "aktiv": true}}, {"model": "schichtplan.schichtplan", "pk": 1, "fields": {"name": "Feb_2026", "start_datum": "2026-02-01", "ende_datum": "2026-02-28", "status": "entwurf", "erstellt_von": 1, "erstellt_am": "2026-01-26T14:46:07.661Z", "aktualisiert_am": "2026-01-26T14:46:07.661Z", "bemerkungen": ""}}]
