BEGIN TRANSACTION;
CREATE TABLE IF NOT EXISTS "django_migrations" ("id" integer NOT NULL PRIMARY KEY AUTOINCREMENT, "app" varchar(255) NOT NULL, "name" varchar(255) NOT NULL, "applied" datetime NOT NULL);
INSERT INTO django_migrations VALUES(1,'contenttypes','0001_initial','2026-01-21 17:22:35.796206');
INSERT INTO django_migrations VALUES(2,'auth','0001_initial','2026-01-21 17:22:35.804310');
INSERT INTO django_migrations VALUES(3,'admin','0001_initial','2026-01-21 17:22:35.809742');
INSERT INTO django_migrations VALUES(4,'admin','0002_logentry_remove_auto_add','2026-01-21 17:22:35.815714');
INSERT INTO django_migrations VALUES(5,'admin','0003_logentry_add_action_flag_choices','2026-01-21 17:22:35.819574');
INSERT INTO django_migrations VALUES(6,'arbeitszeit','0001_initial','2026-01-21 17:22:35.850669');
INSERT INTO django_migrations VALUES(7,'contenttypes','0002_remove_content_type_name','2026-01-21 17:22:35.861817');
INSERT INTO django_migrations VALUES(8,'auth','0002_alter_permission_name_max_length','2026-01-21 17:22:35.869524');
INSERT INTO django_migrations VALUES(9,'auth','0003_alter_user_email_max_length','2026-01-21 17:22:35.878002');
INSERT INTO django_migrations VALUES(10,'auth','0004_alter_user_username_opts','2026-01-21 17:22:35.883245');
INSERT INTO django_migrations VALUES(11,'auth','0005_alter_user_last_login_null','2026-01-21 17:22:35.890207');
INSERT INTO django_migrations VALUES(12,'auth','0006_require_contenttypes_0002','2026-01-21 17:22:35.891469');
INSERT INTO django_migrations VALUES(13,'auth','0007_alter_validators_add_error_messages','2026-01-21 17:22:35.896495');
INSERT INTO django_migrations VALUES(14,'auth','0008_alter_user_username_max_length','2026-01-21 17:22:35.903199');
INSERT INTO django_migrations VALUES(15,'auth','0009_alter_user_last_name_max_length','2026-01-21 17:22:35.909510');
INSERT INTO django_migrations VALUES(16,'auth','0010_alter_group_name_max_length','2026-01-21 17:22:35.918180');
INSERT INTO django_migrations VALUES(17,'auth','0011_update_proxy_permissions','2026-01-21 17:22:35.923496');
INSERT INTO django_migrations VALUES(18,'auth','0012_alter_user_first_name_max_length','2026-01-21 17:22:35.930100');
INSERT INTO django_migrations VALUES(19,'sessions','0001_initial','2026-01-21 17:22:35.933420');
INSERT INTO django_migrations VALUES(20,'arbeitszeit','0002_mitarbeiter_rolle','2026-01-21 20:50:10.955878');
INSERT INTO django_migrations VALUES(21,'arbeitszeit','0003_alter_arbeitszeitvereinbarung_antragsart','2026-01-21 21:15:26.134735');
INSERT INTO django_migrations VALUES(22,'schichtplan','0001_initial','2026-01-26 14:27:35.893634');
INSERT INTO django_migrations VALUES(23,'arbeitszeit','0004_mitarbeiter_arbeitszeit_typ_and_more','2026-01-26 15:54:59.882996');
INSERT INTO django_migrations VALUES(24,'schichtplan','0002_alter_schichtwunsch_options_and_more','2026-01-26 18:33:49.212056');
INSERT INTO django_migrations VALUES(25,'arbeitszeit','0005_alter_mitarbeiter_rolle','2026-01-26 22:36:54.904694');
INSERT INTO django_migrations VALUES(26,'arbeitszeit','0006_mitarbeiter_nur_zusatzdienste_wochentags_and_more','2026-01-26 22:39:34.786044');
INSERT INTO django_migrations VALUES(27,'arbeitszeit','0007_alter_tagesarbeitszeit_options_and_more','2026-01-28 18:08:57.097378');
INSERT INTO django_migrations VALUES(28,'arbeitszeit','0008_alter_tagesarbeitszeit_options','2026-01-29 20:48:22.107412');
INSERT INTO django_migrations VALUES(29,'schichtplan','0003_mitarbeiter','2026-01-29 20:48:22.111529');
INSERT INTO django_migrations VALUES(30,'arbeitszeit','0009_mitarbeiter_schicht_typ','2026-01-31 12:02:53.951393');
INSERT INTO django_migrations VALUES(31,'schichtplan','0004_delete_mitarbeiter','2026-01-31 12:02:53.954200');
INSERT INTO django_migrations VALUES(32,'arbeitszeit','0010_monatlichearbeitszeitsoll','2026-01-31 16:12:59.401164');
INSERT INTO django_migrations VALUES(33,'schichtplan','0005_remove_schichttausch_bearbeitet_am_and_more','2026-02-02 11:32:23.364890');
INSERT INTO django_migrations VALUES(34,'arbeitszeit','0011_mitarbeiter_erlaubte_wochentage_and_more','2026-02-03 07:47:53.169994');
INSERT INTO django_migrations VALUES(35,'arbeitszeit','0012_mitarbeiter_fixe_tag_wochentage_and_more','2026-02-05 18:50:09.986218');
INSERT INTO django_migrations VALUES(36,'arbeitszeit','0013_configure_schichtplan_preferences','2026-02-05 18:50:10.001768');
INSERT INTO django_migrations VALUES(37,'schichtplan','0006_add_schichtplan_aenderung','2026-02-07 11:45:52.148224');
CREATE TABLE IF NOT EXISTS "auth_group_permissions" ("id" integer NOT NULL PRIMARY KEY AUTOINCREMENT, "group_id" integer NOT NULL REFERENCES "auth_group" ("id") DEFERRABLE INITIALLY DEFERRED, "permission_id" integer NOT NULL REFERENCES "auth_permission" ("id") DEFERRABLE INITIALLY DEFERRED);
CREATE TABLE IF NOT EXISTS "auth_user_groups" ("id" integer NOT NULL PRIMARY KEY AUTOINCREMENT, "user_id" integer NOT NULL REFERENCES "auth_user" ("id") DEFERRABLE INITIALLY DEFERRED, "group_id" integer NOT NULL REFERENCES "auth_group" ("id") DEFERRABLE INITIALLY DEFERRED);
INSERT INTO auth_user_groups VALUES(1,18,1);
INSERT INTO auth_user_groups VALUES(2,12,1);
CREATE TABLE IF NOT EXISTS "auth_user_user_permissions" ("id" integer NOT NULL PRIMARY KEY AUTOINCREMENT, "user_id" integer NOT NULL REFERENCES "auth_user" ("id") DEFERRABLE INITIALLY DEFERRED, "permission_id" integer NOT NULL REFERENCES "auth_permission" ("id") DEFERRABLE INITIALLY DEFERRED);
INSERT INTO auth_user_user_permissions VALUES(1,4,36);
INSERT INTO auth_user_user_permissions VALUES(2,4,25);
INSERT INTO auth_user_user_permissions VALUES(3,4,26);
INSERT INTO auth_user_user_permissions VALUES(4,4,27);
INSERT INTO auth_user_user_permissions VALUES(5,4,28);
CREATE TABLE IF NOT EXISTS "django_admin_log" ("id" integer NOT NULL PRIMARY KEY AUTOINCREMENT, "object_id" text NULL, "object_repr" varchar(200) NOT NULL, "action_flag" smallint unsigned NOT NULL CHECK ("action_flag" >= 0), "change_message" text NOT NULL, "content_type_id" integer NULL REFERENCES "django_content_type" ("id") DEFERRABLE INITIALLY DEFERRED, "user_id" integer NOT NULL REFERENCES "auth_user" ("id") DEFERRABLE INITIALLY DEFERRED, "action_time" datetime NOT NULL);
INSERT INTO django_admin_log VALUES(1,'4','anna.schmidt',2,'[{"changed": {"fields": ["password"]}}]',4,1,'2026-01-21 21:04:09.146300');
INSERT INTO django_admin_log VALUES(2,'5','Georg Klein - Beendigung ab 2026-04-01',3,'',8,1,'2026-01-22 15:43:32.892436');
INSERT INTO django_admin_log VALUES(3,'4','Georg Klein - Erhöhung ab 2026-02-01',3,'',8,1,'2026-01-22 15:43:32.892467');
INSERT INTO django_admin_log VALUES(4,'6','Georg Klein - Erhöhung ab 2026-01-21',3,'',8,1,'2026-01-22 15:43:32.892482');
INSERT INTO django_admin_log VALUES(5,'3','Georg Klein - Beendigung ab 2026-01-21',3,'',8,1,'2026-01-22 15:43:32.892496');
INSERT INTO django_admin_log VALUES(6,'2','Georg Klein - Weiterbewilligung ab 2026-01-19',3,'',8,1,'2026-01-22 15:43:32.892509');
INSERT INTO django_admin_log VALUES(7,'1','Georg Klein - Weiterbewilligung ab 2026-01-01',3,'',8,1,'2026-01-22 15:43:32.892520');
INSERT INTO django_admin_log VALUES(8,'2','geoklein',3,'',4,1,'2026-01-22 15:54:05.177154');
INSERT INTO django_admin_log VALUES(9,'1','Tagesschicht (Tag)',1,'[{"added": {}}]',16,1,'2026-01-26 14:44:48.676550');
INSERT INTO django_admin_log VALUES(10,'2','Nachtschicht (Nacht)',1,'[{"added": {}}]',16,1,'2026-01-26 14:45:12.916183');
INSERT INTO django_admin_log VALUES(11,'1','Feb_2026 (2026-02-01 - 2026-02-28)',1,'[{"added": {}}]',14,1,'2026-01-26 14:46:07.661827');
INSERT INTO django_admin_log VALUES(12,'5','Kluge, Holger (MA0006)',2,'[{"changed": {"fields": ["Rolle"]}}]',9,1,'2026-01-26 18:54:58.624444');
INSERT INTO django_admin_log VALUES(13,'5','Kluge, Holger (MA0006)',2,'[]',9,1,'2026-01-26 18:55:09.042370');
INSERT INTO django_admin_log VALUES(14,'5','Kluge, Holger (MA0006)',2,'[{"changed": {"fields": ["Rolle"]}}]',9,1,'2026-01-26 19:00:39.379171');
INSERT INTO django_admin_log VALUES(15,'7','PBrach',1,'[{"added": {}}]',4,1,'2026-01-26 19:05:42.207688');
INSERT INTO django_admin_log VALUES(16,'6','Brach, Petra (12458)',1,'[{"added": {}}]',9,1,'2026-01-26 19:06:23.498038');
INSERT INTO django_admin_log VALUES(17,'8','UGroß',1,'[{"added": {}}]',4,1,'2026-01-26 19:06:51.442465');
INSERT INTO django_admin_log VALUES(18,'7','Groß, U (123458)',1,'[{"added": {}}]',9,1,'2026-01-26 19:08:32.700334');
INSERT INTO django_admin_log VALUES(19,'9','DEbbe',1,'[{"added": {}}]',4,1,'2026-01-26 19:08:56.012938');
INSERT INTO django_admin_log VALUES(20,'8','Ebbe, D (12347)',1,'[{"added": {}}]',9,1,'2026-01-26 19:09:21.067074');
INSERT INTO django_admin_log VALUES(21,'10','LHase',1,'[{"added": {}}]',4,1,'2026-01-26 19:09:50.660199');
INSERT INTO django_admin_log VALUES(22,'9','Hase, L (12348)',1,'[{"added": {}}]',9,1,'2026-01-26 19:10:16.847780');
INSERT INTO django_admin_log VALUES(23,'11','RKollaga',1,'[{"added": {}}]',4,1,'2026-01-26 19:10:52.604046');
INSERT INTO django_admin_log VALUES(24,'12','RKornischuk',1,'[{"added": {}}]',4,1,'2026-01-26 19:11:41.560349');
INSERT INTO django_admin_log VALUES(25,'10','Kornischuk, R (12310)',1,'[{"added": {}}]',9,1,'2026-01-26 19:12:17.549536');
INSERT INTO django_admin_log VALUES(26,'13','RKrausmacher',1,'[{"added": {}}]',4,1,'2026-01-26 19:12:53.622253');
INSERT INTO django_admin_log VALUES(27,'11','Krausmacher, R (12311)',1,'[{"added": {}}]',9,1,'2026-01-26 19:13:33.496854');
INSERT INTO django_admin_log VALUES(28,'8','UKlein',2,'[{"changed": {"fields": ["Username"]}}]',4,1,'2026-01-26 19:14:40.007186');
INSERT INTO django_admin_log VALUES(29,'7','Klein, U (123458)',2,'[{"changed": {"fields": ["Nachname"]}}]',9,1,'2026-01-26 19:14:49.621857');
INSERT INTO django_admin_log VALUES(30,'14','Ugroß',1,'[{"added": {}}]',4,1,'2026-01-26 19:15:23.585038');
INSERT INTO django_admin_log VALUES(31,'12','Groß, U (12312)',1,'[{"added": {}}]',9,1,'2026-01-26 19:15:51.304879');
INSERT INTO django_admin_log VALUES(32,'15','MRensch',1,'[{"added": {}}]',4,1,'2026-01-26 19:18:00.147202');
INSERT INTO django_admin_log VALUES(33,'13','Rensch, M (12313)',1,'[{"added": {}}]',9,1,'2026-01-26 19:18:46.451261');
INSERT INTO django_admin_log VALUES(34,'7','Klein, U (12314)',2,'[{"changed": {"fields": ["Personalnummer"]}}]',9,1,'2026-01-26 19:19:05.863896');
INSERT INTO django_admin_log VALUES(35,'16','GSchumann',1,'[{"added": {}}]',4,1,'2026-01-26 19:19:55.186905');
INSERT INTO django_admin_log VALUES(36,'14','Schumann, G (12315)',1,'[{"added": {}}]',9,1,'2026-01-26 19:20:18.771143');
INSERT INTO django_admin_log VALUES(37,'17','SSohtup',1,'[{"added": {}}]',4,1,'2026-01-26 19:21:17.233923');
INSERT INTO django_admin_log VALUES(38,'15','Sohup, S (12316)',1,'[{"added": {}}]',9,1,'2026-01-26 19:21:51.987337');
INSERT INTO django_admin_log VALUES(39,'18','CSporck',1,'[{"added": {}}]',4,1,'2026-01-26 19:23:04.881130');
INSERT INTO django_admin_log VALUES(40,'16','Sporck, C (12317)',1,'[{"added": {}}]',9,1,'2026-01-26 19:23:35.446101');
INSERT INTO django_admin_log VALUES(41,'16','Sporck, C (12317)',2,'[{"changed": {"fields": ["Rolle"]}}]',9,1,'2026-01-26 19:23:42.080723');
INSERT INTO django_admin_log VALUES(42,'15','Sohup, S (12316)',2,'[{"changed": {"fields": ["Abteilung"]}}]',9,1,'2026-01-26 19:24:02.683423');
INSERT INTO django_admin_log VALUES(43,'12','Groß, U (12312)',2,'[]',9,1,'2026-01-26 19:24:11.000478');
INSERT INTO django_admin_log VALUES(44,'12','Groß, U (12312)',2,'[{"changed": {"fields": ["Abteilung"]}}]',9,1,'2026-01-26 19:24:19.831908');
INSERT INTO django_admin_log VALUES(45,'10','Kornischuk, R (12310)',2,'[{"changed": {"fields": ["Abteilung"]}}]',9,1,'2026-01-26 19:24:27.636541');
INSERT INTO django_admin_log VALUES(46,'14','Schumann, G (12315)',2,'[{"changed": {"fields": ["Abteilung"]}}]',9,1,'2026-01-26 19:24:33.934675');
INSERT INTO django_admin_log VALUES(47,'3','Klein, G (12345)',2,'[{"changed": {"fields": ["Vorname", "Abteilung"]}}]',9,1,'2026-01-26 19:24:57.584068');
INSERT INTO django_admin_log VALUES(48,'19','UUllmann',1,'[{"added": {}}]',4,1,'2026-01-26 19:25:37.904698');
INSERT INTO django_admin_log VALUES(49,'17','Ullmann, U (12318)',1,'[{"added": {}}]',9,1,'2026-01-26 19:26:00.326042');
INSERT INTO django_admin_log VALUES(50,'20','AWeinart',1,'[{"added": {}}]',4,1,'2026-01-26 19:26:38.021336');
INSERT INTO django_admin_log VALUES(51,'18','Weinart, A (12319)',1,'[{"added": {}}]',9,1,'2026-01-26 19:26:59.681347');
INSERT INTO django_admin_log VALUES(52,'11','RKollaga',2,'[{"changed": {"fields": ["First name", "Last name"]}}]',4,1,'2026-01-26 22:25:11.064134');
INSERT INTO django_admin_log VALUES(53,'11','RKollaga',3,'',4,1,'2026-01-26 22:26:01.150145');
INSERT INTO django_admin_log VALUES(54,'21','RKollaga',1,'[{"added": {}}]',4,1,'2026-01-26 22:26:33.454716');
INSERT INTO django_admin_log VALUES(55,'19','Kollaga, R (12320)',1,'[{"added": {}}]',9,1,'2026-01-26 22:27:00.836676');
INSERT INTO django_admin_log VALUES(56,'6','holger.kluge',2,'[{"changed": {"fields": ["password"]}}]',4,1,'2026-01-27 07:46:52.010854');
INSERT INTO django_admin_log VALUES(57,'4','anna.schmidt',2,'[{"changed": {"fields": ["User permissions"]}}]',4,1,'2026-01-27 07:53:20.994633');
INSERT INTO django_admin_log VALUES(58,'5','Kluge, Holger (MA0006)',2,'[{"changed": {"fields": ["Abteilung"]}}]',9,1,'2026-01-27 11:46:24.532665');
INSERT INTO django_admin_log VALUES(59,'6','Brach, Petra (12458)',2,'[{"changed": {"fields": ["Abteilung"]}}]',9,1,'2026-01-27 11:46:37.658861');
INSERT INTO django_admin_log VALUES(60,'14','Dienstag: 8:00h',2,'[]',10,1,'2026-01-28 07:33:08.171533');
INSERT INTO django_admin_log VALUES(61,'34','G Klein - Weiterbewilligung (2026-06-01)',1,'[{"added": {}}, {"added": {"name": "Tagesarbeitszeit", "object": "Montag: 08:00"}}, {"added": {"name": "Tagesarbeitszeit", "object": "Dienstag: 08:00"}}, {"added": {"name": "Tagesarbeitszeit", "object": "Mittwoch: 08:00"}}, {"added": {"name": "Tagesarbeitszeit", "object": "Donnerstag: 08:00"}}, {"added": {"name": "Tagesarbeitszeit", "object": "Freitag: 08:00"}}]',8,1,'2026-01-29 06:57:28.285154');
INSERT INTO django_admin_log VALUES(62,'2','November_25 (2025-11-01 - 2025-11-30)',1,'[{"added": {}}]',14,1,'2026-01-29 19:50:53.426288');
INSERT INTO django_admin_log VALUES(63,'18','Weinart, A (12319)',2,'[{"changed": {"fields": ["Schichtplan kennung"]}}]',9,1,'2026-01-29 21:06:37.819885');
INSERT INTO django_admin_log VALUES(64,'1','Tagesschicht (T)',2,'[{"changed": {"fields": ["Kuerzel"]}}]',16,1,'2026-01-29 21:07:16.941756');
INSERT INTO django_admin_log VALUES(65,'2','Nachtschicht (N)',2,'[{"changed": {"fields": ["Kuerzel"]}}]',16,1,'2026-01-29 21:07:24.824166');
INSERT INTO django_admin_log VALUES(66,'3','Oktober_25 (2025-10-01 - 2025-10-31)',1,'[{"added": {}}]',14,1,'2026-01-31 08:32:55.709639');
INSERT INTO django_admin_log VALUES(67,'4','März_26 (2026-03-01 - 2026-03-31)',1,'[{"added": {}}]',14,1,'2026-01-31 08:35:06.417299');
INSERT INTO django_admin_log VALUES(68,'5','Januar_26 (2026-01-01 - 2026-01-31)',1,'[{"added": {}}]',14,1,'2026-01-31 08:52:50.943486');
INSERT INTO django_admin_log VALUES(69,'6','Dezember_25 (2025-12-01 - 2025-12-31)',1,'[{"added": {}}]',14,1,'2026-01-31 08:57:36.764963');
INSERT INTO django_admin_log VALUES(70,'7','April_26 (2026-04-01 - 2026-04-30)',1,'[{"added": {}}]',14,1,'2026-01-31 09:39:56.923305');
INSERT INTO django_admin_log VALUES(71,'8','April_26 (2026-04-01 - 2026-04-30)',3,'',14,1,'2026-01-31 09:42:28.856900');
INSERT INTO django_admin_log VALUES(72,'7','April_26 (2026-04-01 - 2026-04-30)',3,'',14,1,'2026-01-31 09:42:28.856930');
INSERT INTO django_admin_log VALUES(73,'9','April_26 (2026-04-01 - 2026-04-30)',3,'',14,1,'2026-01-31 11:13:31.736535');
INSERT INTO django_admin_log VALUES(74,'10','April_26 (2026-04-01 - 2026-04-30)',3,'',14,1,'2026-01-31 11:50:21.963796');
INSERT INTO django_admin_log VALUES(75,'11','April_26 (2026-04-01 - 2026-04-30)',3,'',14,1,'2026-01-31 11:53:10.078115');
INSERT INTO django_admin_log VALUES(76,'6','Brach, Petra (12458)',2,'[{"changed": {"fields": ["Max wochenenden pro monat", "Max schichten pro monat", "Schichtplan bemerkungen"]}}]',9,1,'2026-01-31 12:17:47.114277');
INSERT INTO django_admin_log VALUES(77,'8','Ebbe, D (12347)',2,'[]',9,1,'2026-01-31 12:17:55.010328');
INSERT INTO django_admin_log VALUES(78,'8','Ebbe, D (12347)',2,'[{"changed": {"fields": ["Schichttyp"]}}]',9,1,'2026-01-31 12:18:01.858469');
INSERT INTO django_admin_log VALUES(79,'12','Groß, U (12312)',2,'[]',9,1,'2026-01-31 12:18:30.157854');
INSERT INTO django_admin_log VALUES(80,'9','Hase, L (12348)',2,'[]',9,1,'2026-01-31 12:18:44.784630');
INSERT INTO django_admin_log VALUES(81,'6','Brach, Petra (12458)',2,'[{"changed": {"fields": ["Max aufeinanderfolgende tage"]}}]',9,1,'2026-01-31 12:18:56.509718');
INSERT INTO django_admin_log VALUES(82,'8','Ebbe, D (12347)',2,'[{"changed": {"fields": ["Max aufeinanderfolgende tage"]}}]',9,1,'2026-01-31 12:19:04.501400');
INSERT INTO django_admin_log VALUES(83,'12','Groß, U (12312)',2,'[{"changed": {"fields": ["Max aufeinanderfolgende tage"]}}]',9,1,'2026-01-31 12:19:12.295158');
INSERT INTO django_admin_log VALUES(84,'9','Hase, L (12348)',2,'[{"changed": {"fields": ["Max aufeinanderfolgende tage"]}}]',9,1,'2026-01-31 12:19:20.330504');
INSERT INTO django_admin_log VALUES(85,'3','Klein, G (12345)',2,'[{"changed": {"fields": ["Schichttyp", "Max aufeinanderfolgende tage"]}}]',9,1,'2026-01-31 12:19:32.030986');
INSERT INTO django_admin_log VALUES(86,'7','Klein, U (12314)',2,'[{"changed": {"fields": ["Max aufeinanderfolgende tage"]}}]',9,1,'2026-01-31 12:19:41.366993');
INSERT INTO django_admin_log VALUES(87,'19','Kollaga, R (12320)',2,'[{"changed": {"fields": ["Schichttyp", "In der Woche nur Zusatzdienste (Z)", "Max aufeinanderfolgende tage"]}}]',9,1,'2026-01-31 12:19:57.767971');
INSERT INTO django_admin_log VALUES(88,'10','Kornischuk, R (12310)',2,'[{"changed": {"fields": ["Nachtschicht nur wochenende", "In der Woche nur Zusatzdienste (Z)", "Max aufeinanderfolgende tage"]}}]',9,1,'2026-01-31 12:20:24.095870');
INSERT INTO django_admin_log VALUES(89,'11','Krausmacher, R (12311)',2,'[{"changed": {"fields": ["Schichttyp", "Max aufeinanderfolgende tage"]}}]',9,1,'2026-01-31 12:20:32.876804');
INSERT INTO django_admin_log VALUES(90,'13','Rensch, M (12313)',2,'[{"changed": {"fields": ["Schichttyp", "Max aufeinanderfolgende tage"]}}]',9,1,'2026-01-31 12:20:56.601215');
INSERT INTO django_admin_log VALUES(91,'13','Rensch, M (12313)',2,'[]',9,1,'2026-01-31 12:21:09.844999');
INSERT INTO django_admin_log VALUES(92,'14','Schumann, G (12315)',2,'[{"changed": {"fields": ["Max aufeinanderfolgende tage"]}}]',9,1,'2026-01-31 12:21:31.365707');
INSERT INTO django_admin_log VALUES(93,'15','Sohup, S (12316)',2,'[{"changed": {"fields": ["Kann tagschicht", "Kann nachtschicht", "Verfuegbarkeit"]}}]',9,1,'2026-01-31 12:22:08.847706');
INSERT INTO django_admin_log VALUES(94,'16','Sporck, C (12317)',2,'[{"changed": {"fields": ["Schichttyp", "Max wochenenden pro monat"]}}]',9,1,'2026-01-31 12:22:27.484027');
INSERT INTO django_admin_log VALUES(95,'17','Ullmann, U (12318)',2,'[{"changed": {"fields": ["Schichttyp", "Max wochenenden pro monat"]}}]',9,1,'2026-01-31 12:22:48.964763');
INSERT INTO django_admin_log VALUES(96,'18','Weinart, A (12319)',2,'[{"changed": {"fields": ["Max aufeinanderfolgende tage"]}}]',9,1,'2026-01-31 12:22:55.906517');
INSERT INTO django_admin_log VALUES(97,'17','Ullmann, U (12318)',2,'[{"changed": {"fields": ["Max aufeinanderfolgende tage"]}}]',9,1,'2026-01-31 12:23:00.509859');
INSERT INTO django_admin_log VALUES(98,'16','Sporck, C (12317)',2,'[{"changed": {"fields": ["Max aufeinanderfolgende tage"]}}]',9,1,'2026-01-31 12:23:06.054950');
INSERT INTO django_admin_log VALUES(99,'14','Schumann, G (12315)',2,'[]',9,1,'2026-01-31 12:23:10.788784');
INSERT INTO django_admin_log VALUES(100,'3','Klein, G (12345)',2,'[{"changed": {"fields": ["Schichttyp"]}}]',9,1,'2026-01-31 12:30:41.777864');
INSERT INTO django_admin_log VALUES(101,'19','Kollaga, R (12320)',2,'[{"changed": {"fields": ["Schichttyp"]}}]',9,1,'2026-01-31 12:30:59.262298');
INSERT INTO django_admin_log VALUES(102,'8','Ebbe, D (12347)',2,'[{"changed": {"fields": ["Schichttyp"]}}]',9,1,'2026-01-31 12:31:10.425328');
INSERT INTO django_admin_log VALUES(103,'11','Krausmacher, R (12311)',2,'[{"changed": {"fields": ["Schichttyp"]}}]',9,1,'2026-01-31 12:31:28.440207');
INSERT INTO django_admin_log VALUES(104,'13','Rensch, M (12313)',2,'[{"changed": {"fields": ["Schichttyp"]}}]',9,1,'2026-01-31 12:31:36.284934');
INSERT INTO django_admin_log VALUES(105,'16','Sporck, C (12317)',2,'[{"changed": {"fields": ["Schichttyp"]}}]',9,1,'2026-01-31 12:31:44.752651');
INSERT INTO django_admin_log VALUES(106,'16','Sporck, C (12317)',2,'[]',9,1,'2026-01-31 12:31:57.509118');
INSERT INTO django_admin_log VALUES(107,'6','Brach, Petra (12458)',2,'[{"changed": {"fields": ["Kann nachtschicht", "Verfuegbarkeit", "Max aufeinanderfolgende tage"]}}]',9,1,'2026-01-31 12:48:49.539114');
INSERT INTO django_admin_log VALUES(108,'8','Ebbe, D (12347)',2,'[{"changed": {"fields": ["Verfuegbarkeit"]}}]',9,1,'2026-01-31 12:48:59.173295');
INSERT INTO django_admin_log VALUES(109,'19','Kollaga, R (12320)',2,'[{"changed": {"fields": ["Verfuegbarkeit"]}}]',9,1,'2026-01-31 12:49:09.358391');
INSERT INTO django_admin_log VALUES(110,'11','Krausmacher, R (12311)',2,'[{"changed": {"fields": ["Max aufeinanderfolgende tage"]}}]',9,1,'2026-01-31 12:49:22.862956');
INSERT INTO django_admin_log VALUES(111,'18','Weinart, A (12319)',2,'[{"changed": {"fields": ["Max aufeinanderfolgende tage"]}}]',9,1,'2026-01-31 12:49:27.190499');
INSERT INTO django_admin_log VALUES(112,'17','Ullmann, U (12318)',2,'[{"changed": {"fields": ["Schichttyp", "Max wochenenden pro monat", "Max aufeinanderfolgende tage"]}}]',9,1,'2026-01-31 12:51:12.676580');
INSERT INTO django_admin_log VALUES(113,'9','Hase, L (12348)',2,'[{"changed": {"fields": ["Max aufeinanderfolgende tage"]}}]',9,1,'2026-01-31 12:51:29.750729');
INSERT INTO django_admin_log VALUES(114,'12','Groß, U (12312)',2,'[{"changed": {"fields": ["Max aufeinanderfolgende tage"]}}]',9,1,'2026-01-31 12:51:36.377382');
INSERT INTO django_admin_log VALUES(115,'8','Ebbe, D (12347)',2,'[{"changed": {"fields": ["Max aufeinanderfolgende tage"]}}]',9,1,'2026-01-31 13:00:15.130399');
INSERT INTO django_admin_log VALUES(116,'12','Groß, U (12312)',2,'[]',9,1,'2026-01-31 13:00:20.554746');
INSERT INTO django_admin_log VALUES(117,'9','Hase, L (12348)',2,'[]',9,1,'2026-01-31 13:00:24.936040');
INSERT INTO django_admin_log VALUES(118,'3','Klein, G (12345)',2,'[{"changed": {"fields": ["Max aufeinanderfolgende tage"]}}]',9,1,'2026-01-31 13:00:33.125072');
INSERT INTO django_admin_log VALUES(119,'7','Klein, U (12314)',2,'[{"changed": {"fields": ["Max aufeinanderfolgende tage"]}}]',9,1,'2026-01-31 13:00:39.274112');
INSERT INTO django_admin_log VALUES(120,'19','Kollaga, R (12320)',2,'[{"changed": {"fields": ["Max aufeinanderfolgende tage"]}}]',9,1,'2026-01-31 13:00:45.545036');
INSERT INTO django_admin_log VALUES(121,'11','Krausmacher, R (12311)',2,'[]',9,1,'2026-01-31 13:00:52.854167');
INSERT INTO django_admin_log VALUES(122,'10','Kornischuk, R (12310)',2,'[{"changed": {"fields": ["Max aufeinanderfolgende tage"]}}]',9,1,'2026-01-31 13:00:59.540714');
INSERT INTO django_admin_log VALUES(123,'13','Rensch, M (12313)',2,'[{"changed": {"fields": ["Max aufeinanderfolgende tage"]}}]',9,1,'2026-01-31 13:01:09.467011');
INSERT INTO django_admin_log VALUES(124,'15','Sohup, S (12316)',2,'[]',9,1,'2026-01-31 13:01:17.579074');
INSERT INTO django_admin_log VALUES(125,'16','Sporck, C (12317)',2,'[{"changed": {"fields": ["Max wochenenden pro monat", "Max aufeinanderfolgende tage"]}}]',9,1,'2026-01-31 13:01:32.082053');
INSERT INTO django_admin_log VALUES(126,'17','Ullmann, U (12318)',2,'[]',9,1,'2026-01-31 13:01:39.885177');
INSERT INTO django_admin_log VALUES(127,'18','Weinart, A (12319)',2,'[]',9,1,'2026-01-31 13:01:44.464120');
INSERT INTO django_admin_log VALUES(128,'12','A (2026-04-01 - 2026-04-30)',3,'',14,1,'2026-01-31 13:14:22.710005');
INSERT INTO django_admin_log VALUES(129,'8','Ebbe, D (12347)',2,'[{"changed": {"fields": ["Verfuegbarkeit"]}}]',9,1,'2026-01-31 13:15:14.651276');
INSERT INTO django_admin_log VALUES(130,'12','Groß, U (12312)',2,'[{"changed": {"fields": ["Max aufeinanderfolgende tage"]}}]',9,1,'2026-01-31 13:15:27.147693');
INSERT INTO django_admin_log VALUES(131,'9','Hase, L (12348)',2,'[{"changed": {"fields": ["Max aufeinanderfolgende tage"]}}]',9,1,'2026-01-31 13:15:35.131412');
INSERT INTO django_admin_log VALUES(132,'3','Klein, G (12345)',2,'[{"changed": {"fields": ["Max aufeinanderfolgende tage"]}}]',9,1,'2026-01-31 13:15:45.054990');
INSERT INTO django_admin_log VALUES(133,'7','Klein, U (12314)',2,'[{"changed": {"fields": ["Max aufeinanderfolgende tage"]}}]',9,1,'2026-01-31 13:16:05.314739');
INSERT INTO django_admin_log VALUES(134,'19','Kollaga, R (12320)',2,'[{"changed": {"fields": ["Verfuegbarkeit"]}}]',9,1,'2026-01-31 13:16:13.648730');
INSERT INTO django_admin_log VALUES(135,'19','Kollaga, R (12320)',2,'[{"changed": {"fields": ["Kann nachtschicht", "Max wochenenden pro monat", "Max aufeinanderfolgende tage"]}}]',9,1,'2026-01-31 13:16:52.169194');
INSERT INTO django_admin_log VALUES(136,'10','Kornischuk, R (12310)',2,'[]',9,1,'2026-01-31 13:17:04.922436');
INSERT INTO django_admin_log VALUES(137,'11','Krausmacher, R (12311)',2,'[{"changed": {"fields": ["Max aufeinanderfolgende tage"]}}]',9,1,'2026-01-31 13:17:14.612218');
INSERT INTO django_admin_log VALUES(138,'13','Rensch, M (12313)',2,'[{"changed": {"fields": ["Max aufeinanderfolgende tage"]}}]',9,1,'2026-01-31 13:17:32.786531');
INSERT INTO django_admin_log VALUES(139,'14','Schumann, G (12315)',2,'[]',9,1,'2026-01-31 13:17:39.383365');
INSERT INTO django_admin_log VALUES(140,'16','Sporck, C (12317)',2,'[{"changed": {"fields": ["Max aufeinanderfolgende tage"]}}]',9,1,'2026-01-31 13:17:50.108667');
INSERT INTO django_admin_log VALUES(141,'17','Ullmann, U (12318)',2,'[{"changed": {"fields": ["Max aufeinanderfolgende tage"]}}]',9,1,'2026-01-31 13:17:57.580016');
INSERT INTO django_admin_log VALUES(142,'16','Sporck, C (12317)',2,'[]',9,1,'2026-01-31 13:18:03.198473');
INSERT INTO django_admin_log VALUES(143,'18','Weinart, A (12319)',2,'[{"changed": {"fields": ["Max aufeinanderfolgende tage"]}}]',9,1,'2026-01-31 13:18:08.130365');
INSERT INTO django_admin_log VALUES(144,'13','April (2026-04-01 - 2026-04-30)',3,'',14,1,'2026-01-31 13:20:55.463104');
INSERT INTO django_admin_log VALUES(145,'8','Ebbe, D (12347)',2,'[{"changed": {"fields": ["Aktiv", "Kann tagschicht", "Kann nachtschicht", "Max wochenenden pro monat", "Max aufeinanderfolgende tage"]}}]',9,1,'2026-01-31 13:21:48.274504');
INSERT INTO django_admin_log VALUES(146,'3','Klein, G (12345)',2,'[{"changed": {"fields": ["Schichttyp"]}}]',9,1,'2026-01-31 13:22:09.946062');
INSERT INTO django_admin_log VALUES(147,'11','Krausmacher, R (12311)',2,'[{"changed": {"fields": ["Schichttyp"]}}]',9,1,'2026-01-31 13:22:29.494309');
INSERT INTO django_admin_log VALUES(148,'13','Rensch, M (12313)',2,'[{"changed": {"fields": ["Schichttyp"]}}]',9,1,'2026-01-31 13:22:36.742020');
INSERT INTO django_admin_log VALUES(149,'15','Sohup, S (12316)',2,'[{"changed": {"fields": ["Max wochenenden pro monat", "Max aufeinanderfolgende tage"]}}]',9,1,'2026-01-31 13:26:54.555715');
INSERT INTO django_admin_log VALUES(150,'13','Rensch, M (12313)',2,'[]',9,1,'2026-01-31 13:27:01.001186');
INSERT INTO django_admin_log VALUES(151,'17','Ullmann, U (12318)',2,'[{"changed": {"fields": ["Max wochenenden pro monat"]}}]',9,1,'2026-01-31 13:27:08.172260');
INSERT INTO django_admin_log VALUES(152,'14','Schumann, G (12315)',2,'[]',9,1,'2026-01-31 13:27:23.832290');
INSERT INTO django_admin_log VALUES(153,'17','Ullmann, U (12318)',2,'[]',9,1,'2026-01-31 13:27:32.919750');
INSERT INTO django_admin_log VALUES(154,'16','Sporck, C (12317)',2,'[{"changed": {"fields": ["Schichttyp"]}}]',9,1,'2026-01-31 13:27:43.448564');
INSERT INTO django_admin_log VALUES(155,'17','Ullmann, U (12318)',2,'[{"changed": {"fields": ["Schichttyp"]}}]',9,1,'2026-01-31 13:27:50.463990');
INSERT INTO django_admin_log VALUES(156,'10','Kornischuk, R (12310)',2,'[]',9,1,'2026-01-31 13:28:22.233330');
INSERT INTO django_admin_log VALUES(157,'12','Groß, U (12312)',2,'[]',9,1,'2026-01-31 13:32:37.474202');
INSERT INTO django_admin_log VALUES(158,'15','Apr (2026-04-01 - 2026-04-30)',3,'',14,1,'2026-01-31 14:00:23.686175');
INSERT INTO django_admin_log VALUES(159,'14','Apr (2026-04-01 - 2026-04-30)',3,'',14,1,'2026-01-31 14:00:23.686206');
INSERT INTO django_admin_log VALUES(160,'16','April (2026-04-01 - 2026-04-30)',3,'',14,1,'2026-01-31 14:04:19.118586');
INSERT INTO django_admin_log VALUES(161,'17','April (2026-04-01 - 2026-04-30)',3,'',14,1,'2026-01-31 14:29:42.938473');
INSERT INTO django_admin_log VALUES(162,'14','UGroß',2,'[{"changed": {"fields": ["Username"]}}]',4,1,'2026-01-31 19:55:08.817937');
INSERT INTO django_admin_log VALUES(163,'5','GKlein',2,'[{"changed": {"fields": ["Username"]}}]',4,1,'2026-01-31 22:33:12.405545');
INSERT INTO django_admin_log VALUES(164,'57','D Ebbe - Weiterbewilligung (2026-01-01)',1,'[{"added": {}}]',8,1,'2026-02-01 09:46:45.100198');
INSERT INTO django_admin_log VALUES(165,'58','U Groß - Weiterbewilligung (2026-02-01)',1,'[{"added": {}}]',8,1,'2026-02-01 09:47:58.121472');
INSERT INTO django_admin_log VALUES(166,'60','G Klein - Weiterbewilligung (2026-01-01)',1,'[{"added": {}}]',8,1,'2026-02-01 09:51:51.030596');
INSERT INTO django_admin_log VALUES(167,'61','R Kollaga - Weiterbewilligung (2026-01-01)',1,'[{"added": {}}]',8,1,'2026-02-01 09:52:41.396242');
INSERT INTO django_admin_log VALUES(168,'62','R Kornischuk - Weiterbewilligung (2026-01-01)',1,'[{"added": {}}]',8,1,'2026-02-01 09:53:37.822313');
INSERT INTO django_admin_log VALUES(169,'63','R Krausmacher - Weiterbewilligung (2026-01-01)',1,'[{"added": {}}]',8,1,'2026-02-01 09:54:10.765465');
INSERT INTO django_admin_log VALUES(170,'64','M Rensch - Weiterbewilligung (2026-01-01)',1,'[{"added": {}}]',8,1,'2026-02-01 09:54:34.939906');
INSERT INTO django_admin_log VALUES(171,'65','G Schumann - Weiterbewilligung (2026-01-01)',1,'[{"added": {}}]',8,1,'2026-02-01 09:54:56.838635');
INSERT INTO django_admin_log VALUES(172,'66','S Sohup - Weiterbewilligung (2026-01-01)',1,'[{"added": {}}]',8,1,'2026-02-01 09:55:21.412579');
INSERT INTO django_admin_log VALUES(173,'67','C Sporck - Weiterbewilligung (2026-01-01)',1,'[{"added": {}}]',8,1,'2026-02-01 09:56:17.509569');
INSERT INTO django_admin_log VALUES(174,'68','U Ullmann - Weiterbewilligung (2026-01-01)',1,'[{"added": {}}]',8,1,'2026-02-01 09:56:40.842484');
INSERT INTO django_admin_log VALUES(175,'69','A Weinart - Weiterbewilligung (2026-01-01)',1,'[{"added": {}}]',8,1,'2026-02-01 09:57:02.519675');
INSERT INTO django_admin_log VALUES(176,'61','R Kollaga - Weiterbewilligung (2026-01-01)',2,'[{"changed": {"fields": ["Status"]}}]',8,1,'2026-02-01 09:57:32.352231');
INSERT INTO django_admin_log VALUES(177,'59','U Klein - Weiterbewilligung (2026-01-01)',2,'[{"changed": {"fields": ["Status"]}}]',8,1,'2026-02-01 09:57:41.820663');
INSERT INTO django_admin_log VALUES(178,'56','Petra Brach - Weiterbewilligung (2026-01-01)',2,'[{"changed": {"fields": ["Status"]}}]',8,1,'2026-02-01 09:57:50.037911');
INSERT INTO django_admin_log VALUES(179,'55','L Hase - Weiterbewilligung (2026-01-01)',2,'[{"changed": {"fields": ["Status"]}}]',8,1,'2026-02-01 09:57:57.194901');
INSERT INTO django_admin_log VALUES(180,'66','S Sohup - Weiterbewilligung (2026-01-01)',2,'[]',8,1,'2026-02-01 09:59:18.025773');
INSERT INTO django_admin_log VALUES(181,'67','C Sporck - Weiterbewilligung (2026-01-01)',2,'[]',8,1,'2026-02-01 09:59:26.758629');
INSERT INTO django_admin_log VALUES(182,'58','U Groß - Weiterbewilligung (2026-02-01)',3,'',8,1,'2026-02-01 10:01:46.236517');
INSERT INTO django_admin_log VALUES(183,'70','U Groß - Weiterbewilligung (2026-02-01)',1,'[{"added": {}}]',8,1,'2026-02-01 10:02:17.096604');
INSERT INTO django_admin_log VALUES(184,'70','U Groß - Weiterbewilligung (2026-01-01)',2,'[{"changed": {"fields": ["Gueltig ab"]}}]',8,1,'2026-02-01 10:02:30.593571');
INSERT INTO django_admin_log VALUES(185,'2','Schmidt, Anna (SB001)',2,'[{"changed": {"fields": ["Schichtplan kennung"]}}]',9,1,'2026-02-01 11:12:08.206431');
INSERT INTO django_admin_log VALUES(186,'4','Nachname, Vorname (MA0001)',2,'[{"changed": {"fields": ["Schichtplan kennung"]}}]',9,1,'2026-02-01 11:12:21.970661');
INSERT INTO django_admin_log VALUES(187,'12','Schichtwunsch object (12)',3,'',17,1,'2026-02-02 17:05:31.065337');
INSERT INTO django_admin_log VALUES(188,'27','Schichtwunsch object (27)',3,'',17,1,'2026-02-02 17:05:31.065362');
INSERT INTO django_admin_log VALUES(189,'6','Schichtwunsch object (6)',3,'',17,1,'2026-02-02 17:05:31.065373');
INSERT INTO django_admin_log VALUES(190,'1','Schichtwunsch object (1)',3,'',17,1,'2026-02-02 17:05:31.065382');
INSERT INTO django_admin_log VALUES(191,'39','Schichtwunsch object (39)',3,'',17,1,'2026-02-02 17:05:31.065390');
INSERT INTO django_admin_log VALUES(192,'2','Schichtwunsch object (2)',3,'',17,1,'2026-02-02 17:05:31.065398');
INSERT INTO django_admin_log VALUES(193,'22','Schichtwunsch object (22)',3,'',17,1,'2026-02-02 17:05:31.065405');
INSERT INTO django_admin_log VALUES(194,'13','Schichtwunsch object (13)',3,'',17,1,'2026-02-02 17:05:31.065412');
INSERT INTO django_admin_log VALUES(195,'16','Schichtwunsch object (16)',3,'',17,1,'2026-02-02 17:05:31.065418');
INSERT INTO django_admin_log VALUES(196,'36','Schichtwunsch object (36)',3,'',17,1,'2026-02-02 17:05:31.065425');
INSERT INTO django_admin_log VALUES(197,'17','Schichtwunsch object (17)',3,'',17,1,'2026-02-02 17:05:31.065433');
INSERT INTO django_admin_log VALUES(198,'37','Schichtwunsch object (37)',3,'',17,1,'2026-02-02 17:05:31.065440');
INSERT INTO django_admin_log VALUES(199,'18','Schichtwunsch object (18)',3,'',17,1,'2026-02-02 17:05:31.065447');
INSERT INTO django_admin_log VALUES(200,'14','Schichtwunsch object (14)',3,'',17,1,'2026-02-02 17:05:31.065454');
INSERT INTO django_admin_log VALUES(201,'7','Schichtwunsch object (7)',3,'',17,1,'2026-02-02 17:05:31.065461');
INSERT INTO django_admin_log VALUES(202,'5','Schichtwunsch object (5)',3,'',17,1,'2026-02-02 17:05:31.065467');
INSERT INTO django_admin_log VALUES(203,'15','Schichtwunsch object (15)',3,'',17,1,'2026-02-02 17:05:31.065474');
INSERT INTO django_admin_log VALUES(204,'8','Schichtwunsch object (8)',3,'',17,1,'2026-02-02 17:05:31.065481');
INSERT INTO django_admin_log VALUES(205,'1','Schichtplaner',1,'[{"added": {}}]',2,1,'2026-02-02 17:31:54.534434');
INSERT INTO django_admin_log VALUES(206,'1','Schichtplaner',2,'[]',2,1,'2026-02-02 17:32:02.507743');
INSERT INTO django_admin_log VALUES(207,'18','CSporck',2,'[{"changed": {"fields": ["Groups"]}}]',4,1,'2026-02-02 17:33:05.551510');
INSERT INTO django_admin_log VALUES(208,'12','RKornischuk',2,'[{"changed": {"fields": ["Groups"]}}]',4,1,'2026-02-02 17:33:17.137614');
INSERT INTO django_admin_log VALUES(209,'19','MAI_nri (2026-05-01 - 2026-05-31)',3,'',14,1,'2026-02-02 21:33:21.897081');
INSERT INTO django_admin_log VALUES(210,'18','April_26 (2026-04-01 - 2026-04-30)',3,'',14,1,'2026-02-02 21:33:21.897109');
INSERT INTO django_admin_log VALUES(211,'4','März_26 (2026-03-01 - 2026-03-31)',3,'',14,1,'2026-02-02 21:33:21.897121');
INSERT INTO django_admin_log VALUES(212,'20','März_26 (2026-03-01 - 2026-03-31)',3,'',14,1,'2026-02-02 21:43:02.426339');
INSERT INTO django_admin_log VALUES(213,'22','April (2026-04-01 - 2026-04-30)',3,'',14,1,'2026-02-03 07:12:19.787369');
INSERT INTO django_admin_log VALUES(214,'23','April (2026-04-01 - 2026-04-30)',3,'',14,1,'2026-02-03 07:18:26.464751');
INSERT INTO django_admin_log VALUES(215,'24','a (2026-04-01 - 2026-04-30)',3,'',14,1,'2026-02-03 07:24:50.851173');
INSERT INTO django_admin_log VALUES(216,'6','Brach, Petra (12458)',2,'[{"changed": {"fields": ["Erlaubte Arbeitstage", "Keine Zusatzdienste"]}}]',9,1,'2026-02-03 07:56:16.373331');
INSERT INTO django_admin_log VALUES(217,'10','Kornischuk, R (12310)',2,'[{"changed": {"fields": ["Max aufeinanderfolgende tage"]}}]',9,1,'2026-02-03 07:56:46.840773');
INSERT INTO django_admin_log VALUES(218,'25','April (2026-04-01 - 2026-04-30)',3,'',14,1,'2026-02-03 07:57:02.307131');
INSERT INTO django_admin_log VALUES(219,'26','Ap (2026-04-01 - 2026-04-30)',3,'',14,1,'2026-02-03 07:58:45.667268');
INSERT INTO django_admin_log VALUES(220,'6','Brach, Petra (12458)',2,'[]',9,1,'2026-02-03 07:59:14.238605');
INSERT INTO django_admin_log VALUES(221,'6','Brach, Petra (12458)',2,'[{"changed": {"fields": ["Erlaubte Arbeitstage"]}}]',9,1,'2026-02-03 08:18:15.693557');
INSERT INTO django_admin_log VALUES(222,'6','Brach, Petra (12458)',2,'[{"changed": {"fields": ["Planungs prioritaet"]}}]',9,1,'2026-02-03 08:53:53.749682');
INSERT INTO django_admin_log VALUES(223,'27','April (2026-04-01 - 2026-04-30)',3,'',14,1,'2026-02-03 08:54:29.731384');
INSERT INTO django_admin_log VALUES(224,'28','april (2026-04-01 - 2026-04-30)',3,'',14,1,'2026-02-03 08:56:58.418512');
INSERT INTO django_admin_log VALUES(225,'10','Kornischuk, R (12310)',2,'[{"changed": {"fields": ["Nur zusatzarbeiten", "Planungs prioritaet"]}}]',9,1,'2026-02-03 08:58:03.135840');
INSERT INTO django_admin_log VALUES(226,'19','Kollaga, R (12320)',2,'[{"changed": {"fields": ["Planungs prioritaet"]}}]',9,1,'2026-02-03 08:59:28.905364');
INSERT INTO django_admin_log VALUES(227,'29','April (2026-04-01 - 2026-04-30)',3,'',14,1,'2026-02-03 09:03:51.121551');
INSERT INTO django_admin_log VALUES(228,'10','Kornischuk, R (12310)',2,'[]',9,1,'2026-02-03 09:04:57.438911');
INSERT INTO django_admin_log VALUES(229,'6','Brach, Petra (12458)',2,'[{"changed": {"fields": ["Verf\u00fcgbarkeit", "Max aufeinanderfolgende tage"]}}]',9,1,'2026-02-03 09:14:33.288070');
INSERT INTO django_admin_log VALUES(230,'30','April (2026-04-01 - 2026-04-30)',3,'',14,1,'2026-02-03 09:24:10.702916');
INSERT INTO django_admin_log VALUES(231,'31','APRIL (2026-04-01 - 2026-04-30)',3,'',14,1,'2026-02-03 09:59:10.850555');
INSERT INTO django_admin_log VALUES(232,'32','APR (2026-04-01 - 2026-04-30)',3,'',14,1,'2026-02-03 10:00:40.271252');
INSERT INTO django_admin_log VALUES(233,'6','Brach, Petra (12458)',2,'[{"changed": {"fields": ["Verf\u00fcgbarkeit", "Max aufeinanderfolgende tage"]}}]',9,1,'2026-02-03 10:01:21.085752');
INSERT INTO django_admin_log VALUES(234,'33','APR (2026-04-01 - 2026-04-30)',3,'',14,1,'2026-02-03 10:11:05.885391');
INSERT INTO django_admin_log VALUES(235,'56','Petra Brach - Weiterbewilligung (2026-01-01)',2,'[{"changed": {"fields": ["Wochenstunden"]}}]',8,1,'2026-02-03 11:40:08.273675');
INSERT INTO django_admin_log VALUES(236,'56','Petra Brach - Weiterbewilligung (2026-01-01)',2,'[{"changed": {"fields": ["Wochenstunden"]}}]',8,1,'2026-02-03 12:00:09.926525');
INSERT INTO django_admin_log VALUES(237,'56','Petra Brach - Weiterbewilligung (2026-01-01)',2,'[{"changed": {"fields": ["Wochenstunden"]}}]',8,1,'2026-02-03 12:00:29.216113');
INSERT INTO django_admin_log VALUES(238,'19','Kollaga, R (12320)',2,'[{"changed": {"fields": ["Verf\u00fcgbarkeit", "Max schichten pro monat", "Planungs prioritaet"]}}]',9,1,'2026-02-03 12:50:30.401218');
INSERT INTO django_admin_log VALUES(239,'8','Ebbe, D (12347)',2,'[{"changed": {"fields": ["Planungs prioritaet"]}}]',9,1,'2026-02-03 12:50:38.436902');
INSERT INTO django_admin_log VALUES(240,'12','Groß, U (12312)',2,'[]',9,1,'2026-02-03 12:50:47.154717');
INSERT INTO django_admin_log VALUES(241,'19','Kollaga, R (12320)',2,'[]',9,1,'2026-02-03 12:50:51.986335');
INSERT INTO django_admin_log VALUES(242,'13','Rensch, M (12313)',2,'[]',9,1,'2026-02-03 12:51:00.313240');
INSERT INTO django_admin_log VALUES(243,'15','Sohup, S (12316)',2,'[]',9,1,'2026-02-03 12:51:07.869075');
INSERT INTO django_admin_log VALUES(244,'16','Sporck, C (12317)',2,'[]',9,1,'2026-02-03 12:51:18.277630');
INSERT INTO django_admin_log VALUES(245,'16','Sporck, C (12317)',2,'[{"changed": {"fields": ["Max. Wochenenden pro Monat"]}}]',9,1,'2026-02-03 12:51:33.160002');
INSERT INTO django_admin_log VALUES(246,'17','Ullmann, U (12318)',2,'[]',9,1,'2026-02-03 12:51:47.054858');
INSERT INTO django_admin_log VALUES(247,'19','Kollaga, R (12320)',2,'[{"changed": {"fields": ["Erlaubte Arbeitstage"]}}]',9,1,'2026-02-03 12:55:23.814554');
INSERT INTO django_admin_log VALUES(248,'34','APR (2026-04-01 - 2026-04-30)',3,'',14,1,'2026-02-03 12:55:56.797001');
INSERT INTO django_admin_log VALUES(249,'10','Kornischuk, R (12310)',2,'[{"changed": {"fields": ["Kann Tagschichten arbeiten"]}}]',9,1,'2026-02-03 12:59:00.521415');
INSERT INTO django_admin_log VALUES(250,'8','Ebbe, D (12347)',2,'[]',9,1,'2026-02-05 19:10:36.873066');
INSERT INTO django_admin_log VALUES(251,'35','April (2026-04-01 - 2026-04-30)',3,'',14,1,'2026-02-05 19:14:05.718858');
INSERT INTO django_admin_log VALUES(252,'37','April 2026 (2026-04-01 - 2026-04-30)',3,'',14,1,'2026-02-05 21:12:48.642685');
INSERT INTO django_admin_log VALUES(253,'38','April 2026 (2026-04-01 - 2026-04-30)',3,'',14,1,'2026-02-05 21:26:25.862039');
INSERT INTO django_admin_log VALUES(254,'39','April 2026 (2026-04-01 - 2026-04-30)',3,'',14,1,'2026-02-05 21:43:00.966471');
INSERT INTO django_admin_log VALUES(255,'40','April 2026 (2026-04-01 - 2026-04-30)',3,'',14,1,'2026-02-05 21:54:35.121852');
INSERT INTO django_admin_log VALUES(256,'41','April 2026 (2026-04-01 - 2026-04-30)',3,'',14,1,'2026-02-05 22:26:55.620940');
INSERT INTO django_admin_log VALUES(257,'42','April 2026 (2026-04-01 - 2026-04-30)',3,'',14,1,'2026-02-05 22:40:25.489861');
INSERT INTO django_admin_log VALUES(258,'43','April 2026 (2026-04-01 - 2026-04-30)',3,'',14,1,'2026-02-05 22:48:38.682497');
INSERT INTO django_admin_log VALUES(259,'44','April 2026 (2026-04-01 - 2026-04-30)',3,'',14,1,'2026-02-05 22:55:08.185668');
INSERT INTO django_admin_log VALUES(260,'45','April 2026 (2026-04-01 - 2026-04-30)',3,'',14,1,'2026-02-06 11:44:59.138678');
INSERT INTO django_admin_log VALUES(261,'46','April 2026 (2026-04-01 - 2026-04-30)',3,'',14,1,'2026-02-06 11:57:42.361772');
INSERT INTO django_admin_log VALUES(262,'47','April 2026 (2026-04-01 - 2026-04-30)',3,'',14,1,'2026-02-06 12:09:59.665556');
INSERT INTO django_admin_log VALUES(263,'48','April 2026 (2026-04-01 - 2026-04-30)',3,'',14,1,'2026-02-06 12:20:02.782817');
INSERT INTO django_admin_log VALUES(264,'49','April 2026 (2026-04-01 - 2026-04-30)',3,'',14,1,'2026-02-06 12:29:21.579575');
INSERT INTO django_admin_log VALUES(265,'10','Kornischuk, R (12310)',2,'[{"changed": {"fields": ["Min. Nachtschichten pro Monat"]}}]',9,1,'2026-02-06 15:32:37.438540');
INSERT INTO django_admin_log VALUES(266,'50','April 2026 (2026-04-01 - 2026-04-30)',3,'',14,1,'2026-02-06 15:32:49.800540');
INSERT INTO django_admin_log VALUES(267,'51','April 2026 (2026-04-01 - 2026-04-30)',3,'',14,1,'2026-02-07 11:51:59.718452');
CREATE TABLE IF NOT EXISTS "arbeitszeit_arbeitszeithistorie" ("id" integer NOT NULL PRIMARY KEY AUTOINCREMENT, "aenderung_am" datetime NOT NULL, "alter_status" varchar(20) NOT NULL, "neuer_status" varchar(20) NOT NULL, "bemerkung" text NOT NULL, "aenderung_durch_id" integer NULL REFERENCES "auth_user" ("id") DEFERRABLE INITIALLY DEFERRED, "vereinbarung_id" bigint NOT NULL REFERENCES "arbeitszeit_arbeitszeitvereinbarung" ("id") DEFERRABLE INITIALLY DEFERRED);
INSERT INTO arbeitszeit_arbeitszeithistorie VALUES(100,'2026-01-31 22:48:27.180717','entwurf','beantragt','Weiterbewilligung erstellt und beantragt',10,55);
INSERT INTO arbeitszeit_arbeitszeithistorie VALUES(101,'2026-01-31 22:50:04.015210','entwurf','beantragt','Weiterbewilligung erstellt und beantragt',7,56);
INSERT INTO arbeitszeit_arbeitszeithistorie VALUES(102,'2026-01-31 22:50:14.305339','beantragt','genehmigt','',4,56);
INSERT INTO arbeitszeit_arbeitszeithistorie VALUES(103,'2026-01-31 22:50:16.392372','beantragt','genehmigt','',4,55);
INSERT INTO arbeitszeit_arbeitszeithistorie VALUES(104,'2026-01-31 22:50:20.041628','genehmigt','aktiv','',4,56);
INSERT INTO arbeitszeit_arbeitszeithistorie VALUES(105,'2026-01-31 22:50:23.391190','genehmigt','aktiv','',4,55);
INSERT INTO arbeitszeit_arbeitszeithistorie VALUES(106,'2026-02-01 09:50:05.238741','entwurf','beantragt','Weiterbewilligung erstellt und beantragt',8,59);
INSERT INTO arbeitszeit_arbeitszeithistorie VALUES(107,'2026-02-01 09:50:26.419781','beantragt','genehmigt','',4,59);
INSERT INTO arbeitszeit_arbeitszeithistorie VALUES(108,'2026-02-01 09:50:32.969825','genehmigt','aktiv','',4,59);
CREATE TABLE IF NOT EXISTS "arbeitszeit_arbeitszeitvereinbarung" ("id" integer NOT NULL PRIMARY KEY AUTOINCREMENT, "antragsart" varchar(20) NOT NULL, "arbeitszeit_typ" varchar(20) NOT NULL, "wochenstunden" decimal NULL, "gueltig_ab" date NOT NULL, "gueltig_bis" date NULL, "telearbeit" bool NOT NULL, "status" varchar(20) NOT NULL, "genehmigt_am" datetime NULL, "beendigung_beantragt" bool NOT NULL, "beendigung_datum" date NULL, "bemerkungen" text NOT NULL, "created_at" datetime NOT NULL, "updated_at" datetime NOT NULL, "genehmigt_von_id" integer NULL REFERENCES "auth_user" ("id") DEFERRABLE INITIALLY DEFERRED, "mitarbeiter_id" bigint NOT NULL REFERENCES "arbeitszeit_mitarbeiter" ("id") DEFERRABLE INITIALLY DEFERRED);
INSERT INTO arbeitszeit_arbeitszeitvereinbarung VALUES(55,'weiterbewilligung','regelmaessig',39,'2026-01-01','2029-12-31',0,'genehmigt','2026-01-31 22:50:16.390348',0,NULL,'','2026-01-31 22:48:27.174525','2026-02-01 09:57:57.194004',4,9);
INSERT INTO arbeitszeit_arbeitszeitvereinbarung VALUES(56,'weiterbewilligung','regelmaessig',12.25,'2026-01-01','2026-12-31',0,'genehmigt','2026-01-31 22:50:14.303349',0,NULL,'','2026-01-31 22:50:03.977424','2026-02-05 22:23:45.561241',4,6);
INSERT INTO arbeitszeit_arbeitszeitvereinbarung VALUES(57,'weiterbewilligung','regelmaessig',41,'2026-01-01','2026-12-31',0,'genehmigt',NULL,0,NULL,'','2026-02-01 09:46:45.098419','2026-02-01 09:46:45.098426',4,8);
INSERT INTO arbeitszeit_arbeitszeitvereinbarung VALUES(59,'weiterbewilligung','regelmaessig',39,'2026-01-01','2026-12-31',0,'genehmigt','2026-02-01 09:50:26.417786',0,NULL,'','2026-02-01 09:50:05.199340','2026-02-01 09:57:41.818833',4,7);
INSERT INTO arbeitszeit_arbeitszeitvereinbarung VALUES(60,'weiterbewilligung','regelmaessig',41,'2026-01-01','2026-12-31',0,'genehmigt',NULL,0,NULL,'','2026-02-01 09:51:51.029752','2026-02-01 09:51:51.029759',4,3);
INSERT INTO arbeitszeit_arbeitszeitvereinbarung VALUES(61,'weiterbewilligung','regelmaessig',40,'2026-01-01','2026-12-31',0,'genehmigt',NULL,0,NULL,'','2026-02-01 09:52:41.395384','2026-02-01 09:57:32.350480',4,19);
INSERT INTO arbeitszeit_arbeitszeitvereinbarung VALUES(62,'weiterbewilligung','regelmaessig',39,'2026-01-01','2026-12-31',0,'genehmigt',NULL,0,NULL,'','2026-02-01 09:53:37.821465','2026-02-01 09:53:37.821472',4,10);
INSERT INTO arbeitszeit_arbeitszeitvereinbarung VALUES(63,'weiterbewilligung','regelmaessig',41,'2026-01-01','2026-12-31',0,'genehmigt',NULL,0,NULL,'','2026-02-01 09:54:10.764613','2026-02-01 09:54:10.764620',4,11);
INSERT INTO arbeitszeit_arbeitszeitvereinbarung VALUES(64,'weiterbewilligung','regelmaessig',40,'2026-01-01','2026-12-31',0,'genehmigt',NULL,0,NULL,'','2026-02-01 09:54:34.938802','2026-02-01 09:54:34.938809',4,13);
INSERT INTO arbeitszeit_arbeitszeitvereinbarung VALUES(65,'weiterbewilligung','regelmaessig',39,'2026-01-01','2026-12-31',0,'genehmigt',NULL,0,NULL,'','2026-02-01 09:54:56.837791','2026-02-01 09:54:56.837797',4,14);
INSERT INTO arbeitszeit_arbeitszeitvereinbarung VALUES(66,'weiterbewilligung','regelmaessig',39,'2026-01-01','2026-12-31',0,'genehmigt',NULL,0,NULL,'','2026-02-01 09:55:21.411697','2026-02-01 09:59:18.024861',4,15);
INSERT INTO arbeitszeit_arbeitszeitvereinbarung VALUES(67,'weiterbewilligung','regelmaessig',40,'2026-01-01','2026-12-31',0,'genehmigt',NULL,0,NULL,'','2026-02-01 09:56:17.508716','2026-02-01 09:59:26.756920',4,16);
INSERT INTO arbeitszeit_arbeitszeitvereinbarung VALUES(68,'weiterbewilligung','regelmaessig',40,'2026-01-01','2026-12-31',0,'genehmigt',NULL,0,NULL,'','2026-02-01 09:56:40.814368','2026-02-01 09:56:40.814378',4,17);
INSERT INTO arbeitszeit_arbeitszeitvereinbarung VALUES(69,'weiterbewilligung','regelmaessig',39,'2026-01-01','2026-12-31',0,'genehmigt',NULL,0,NULL,'','2026-02-01 09:57:02.518748','2026-02-01 09:57:02.518755',4,18);
INSERT INTO arbeitszeit_arbeitszeitvereinbarung VALUES(70,'weiterbewilligung','regelmaessig',39,'2026-01-01','2026-12-31',0,'genehmigt',NULL,0,NULL,'','2026-02-01 10:02:17.095746','2026-02-01 10:02:30.592545',4,12);
CREATE TABLE IF NOT EXISTS "arbeitszeit_urlaubsanspruch" ("id" integer NOT NULL PRIMARY KEY AUTOINCREMENT, "jahr" integer NOT NULL, "jahresurlaubstage_vollzeit" decimal NOT NULL, "jahresurlaubstage_anteilig" decimal NOT NULL, "genommene_urlaubstage" decimal NOT NULL, "mitarbeiter_id" bigint NOT NULL REFERENCES "arbeitszeit_mitarbeiter" ("id") DEFERRABLE INITIALLY DEFERRED);
CREATE TABLE IF NOT EXISTS "arbeitszeit_zeiterfassung" ("id" integer NOT NULL PRIMARY KEY AUTOINCREMENT, "datum" date NOT NULL, "arbeitsbeginn" time NULL, "arbeitsende" time NULL, "pause_minuten" integer NOT NULL, "arbeitszeit_minuten" integer NULL, "art" varchar(20) NOT NULL, "bemerkung" text NOT NULL, "created_at" datetime NOT NULL, "updated_at" datetime NOT NULL, "mitarbeiter_id" bigint NOT NULL REFERENCES "arbeitszeit_mitarbeiter" ("id") DEFERRABLE INITIALLY DEFERRED);
CREATE TABLE IF NOT EXISTS "django_content_type" ("id" integer NOT NULL PRIMARY KEY AUTOINCREMENT, "app_label" varchar(100) NOT NULL, "model" varchar(100) NOT NULL);
INSERT INTO django_content_type VALUES(1,'admin','logentry');
INSERT INTO django_content_type VALUES(2,'auth','group');
INSERT INTO django_content_type VALUES(3,'auth','permission');
INSERT INTO django_content_type VALUES(4,'auth','user');
INSERT INTO django_content_type VALUES(5,'contenttypes','contenttype');
INSERT INTO django_content_type VALUES(6,'sessions','session');
INSERT INTO django_content_type VALUES(7,'arbeitszeit','arbeitszeithistorie');
INSERT INTO django_content_type VALUES(8,'arbeitszeit','arbeitszeitvereinbarung');
INSERT INTO django_content_type VALUES(9,'arbeitszeit','mitarbeiter');
INSERT INTO django_content_type VALUES(10,'arbeitszeit','tagesarbeitszeit');
INSERT INTO django_content_type VALUES(11,'arbeitszeit','urlaubsanspruch');
INSERT INTO django_content_type VALUES(12,'arbeitszeit','zeiterfassung');
INSERT INTO django_content_type VALUES(13,'schichtplan','schicht');
INSERT INTO django_content_type VALUES(14,'schichtplan','schichtplan');
INSERT INTO django_content_type VALUES(15,'schichtplan','schichttausch');
INSERT INTO django_content_type VALUES(16,'schichtplan','schichttyp');
INSERT INTO django_content_type VALUES(17,'schichtplan','schichtwunsch');
INSERT INTO django_content_type VALUES(18,'schichtplan','schichtwunschperiode');
INSERT INTO django_content_type VALUES(19,'schichtplan','mitarbeiter');
INSERT INTO django_content_type VALUES(20,'arbeitszeit','monatlichearbeitszeitsoll');
INSERT INTO django_content_type VALUES(21,'schichtplan','schichtplanaenderung');
CREATE TABLE IF NOT EXISTS "auth_permission" ("id" integer NOT NULL PRIMARY KEY AUTOINCREMENT, "content_type_id" integer NOT NULL REFERENCES "django_content_type" ("id") DEFERRABLE INITIALLY DEFERRED, "codename" varchar(100) NOT NULL, "name" varchar(255) NOT NULL);
INSERT INTO auth_permission VALUES(1,1,'add_logentry','Can add log entry');
INSERT INTO auth_permission VALUES(2,1,'change_logentry','Can change log entry');
INSERT INTO auth_permission VALUES(3,1,'delete_logentry','Can delete log entry');
INSERT INTO auth_permission VALUES(4,1,'view_logentry','Can view log entry');
INSERT INTO auth_permission VALUES(5,3,'add_permission','Can add permission');
INSERT INTO auth_permission VALUES(6,3,'change_permission','Can change permission');
INSERT INTO auth_permission VALUES(7,3,'delete_permission','Can delete permission');
INSERT INTO auth_permission VALUES(8,3,'view_permission','Can view permission');
INSERT INTO auth_permission VALUES(9,2,'add_group','Can add group');
INSERT INTO auth_permission VALUES(10,2,'change_group','Can change group');
INSERT INTO auth_permission VALUES(11,2,'delete_group','Can delete group');
INSERT INTO auth_permission VALUES(12,2,'view_group','Can view group');
INSERT INTO auth_permission VALUES(13,4,'add_user','Can add user');
INSERT INTO auth_permission VALUES(14,4,'change_user','Can change user');
INSERT INTO auth_permission VALUES(15,4,'delete_user','Can delete user');
INSERT INTO auth_permission VALUES(16,4,'view_user','Can view user');
INSERT INTO auth_permission VALUES(17,5,'add_contenttype','Can add content type');
INSERT INTO auth_permission VALUES(18,5,'change_contenttype','Can change content type');
INSERT INTO auth_permission VALUES(19,5,'delete_contenttype','Can delete content type');
INSERT INTO auth_permission VALUES(20,5,'view_contenttype','Can view content type');
INSERT INTO auth_permission VALUES(21,6,'add_session','Can add session');
INSERT INTO auth_permission VALUES(22,6,'change_session','Can change session');
INSERT INTO auth_permission VALUES(23,6,'delete_session','Can delete session');
INSERT INTO auth_permission VALUES(24,6,'view_session','Can view session');
INSERT INTO auth_permission VALUES(25,8,'add_arbeitszeitvereinbarung','Can add Arbeitszeitvereinbarung');
INSERT INTO auth_permission VALUES(26,8,'change_arbeitszeitvereinbarung','Can change Arbeitszeitvereinbarung');
INSERT INTO auth_permission VALUES(27,8,'delete_arbeitszeitvereinbarung','Can delete Arbeitszeitvereinbarung');
INSERT INTO auth_permission VALUES(28,8,'view_arbeitszeitvereinbarung','Can view Arbeitszeitvereinbarung');
INSERT INTO auth_permission VALUES(29,7,'add_arbeitszeithistorie','Can add Arbeitszeithistorie');
INSERT INTO auth_permission VALUES(30,7,'change_arbeitszeithistorie','Can change Arbeitszeithistorie');
INSERT INTO auth_permission VALUES(31,7,'delete_arbeitszeithistorie','Can delete Arbeitszeithistorie');
INSERT INTO auth_permission VALUES(32,7,'view_arbeitszeithistorie','Can view Arbeitszeithistorie');
INSERT INTO auth_permission VALUES(33,9,'add_mitarbeiter','Can add Mitarbeiter');
INSERT INTO auth_permission VALUES(34,9,'change_mitarbeiter','Can change Mitarbeiter');
INSERT INTO auth_permission VALUES(35,9,'delete_mitarbeiter','Can delete Mitarbeiter');
INSERT INTO auth_permission VALUES(36,9,'view_mitarbeiter','Can view Mitarbeiter');
INSERT INTO auth_permission VALUES(37,10,'add_tagesarbeitszeit','Can add Tagesarbeitszeit');
INSERT INTO auth_permission VALUES(38,10,'change_tagesarbeitszeit','Can change Tagesarbeitszeit');
INSERT INTO auth_permission VALUES(39,10,'delete_tagesarbeitszeit','Can delete Tagesarbeitszeit');
INSERT INTO auth_permission VALUES(40,10,'view_tagesarbeitszeit','Can view Tagesarbeitszeit');
INSERT INTO auth_permission VALUES(41,11,'add_urlaubsanspruch','Can add Urlaubsanspruch');
INSERT INTO auth_permission VALUES(42,11,'change_urlaubsanspruch','Can change Urlaubsanspruch');
INSERT INTO auth_permission VALUES(43,11,'delete_urlaubsanspruch','Can delete Urlaubsanspruch');
INSERT INTO auth_permission VALUES(44,11,'view_urlaubsanspruch','Can view Urlaubsanspruch');
INSERT INTO auth_permission VALUES(45,12,'add_zeiterfassung','Can add Zeiterfassung');
INSERT INTO auth_permission VALUES(46,12,'change_zeiterfassung','Can change Zeiterfassung');
INSERT INTO auth_permission VALUES(47,12,'delete_zeiterfassung','Can delete Zeiterfassung');
INSERT INTO auth_permission VALUES(48,12,'view_zeiterfassung','Can view Zeiterfassung');
INSERT INTO auth_permission VALUES(49,13,'add_schicht','Can add Schicht');
INSERT INTO auth_permission VALUES(50,13,'change_schicht','Can change Schicht');
INSERT INTO auth_permission VALUES(51,13,'delete_schicht','Can delete Schicht');
INSERT INTO auth_permission VALUES(52,13,'view_schicht','Can view Schicht');
INSERT INTO auth_permission VALUES(53,16,'add_schichttyp','Can add Schichttyp');
INSERT INTO auth_permission VALUES(54,16,'change_schichttyp','Can change Schichttyp');
INSERT INTO auth_permission VALUES(55,16,'delete_schichttyp','Can delete Schichttyp');
INSERT INTO auth_permission VALUES(56,16,'view_schichttyp','Can view Schichttyp');
INSERT INTO auth_permission VALUES(57,15,'add_schichttausch','Can add Schichttausch');
INSERT INTO auth_permission VALUES(58,15,'change_schichttausch','Can change Schichttausch');
INSERT INTO auth_permission VALUES(59,15,'delete_schichttausch','Can delete Schichttausch');
INSERT INTO auth_permission VALUES(60,15,'view_schichttausch','Can view Schichttausch');
INSERT INTO auth_permission VALUES(61,14,'add_schichtplan','Can add Schichtplan');
INSERT INTO auth_permission VALUES(62,14,'change_schichtplan','Can change Schichtplan');
INSERT INTO auth_permission VALUES(63,14,'delete_schichtplan','Can delete Schichtplan');
INSERT INTO auth_permission VALUES(64,14,'view_schichtplan','Can view Schichtplan');
INSERT INTO auth_permission VALUES(65,17,'add_schichtwunsch','Can add Schichtwunsch');
INSERT INTO auth_permission VALUES(66,17,'change_schichtwunsch','Can change Schichtwunsch');
INSERT INTO auth_permission VALUES(67,17,'delete_schichtwunsch','Can delete Schichtwunsch');
INSERT INTO auth_permission VALUES(68,17,'view_schichtwunsch','Can view Schichtwunsch');
INSERT INTO auth_permission VALUES(69,18,'add_schichtwunschperiode','Can add Schichtwunsch-Periode');
INSERT INTO auth_permission VALUES(70,18,'change_schichtwunschperiode','Can change Schichtwunsch-Periode');
INSERT INTO auth_permission VALUES(71,18,'delete_schichtwunschperiode','Can delete Schichtwunsch-Periode');
INSERT INTO auth_permission VALUES(72,18,'view_schichtwunschperiode','Can view Schichtwunsch-Periode');
INSERT INTO auth_permission VALUES(73,19,'add_mitarbeiter','Can add mitarbeiter');
INSERT INTO auth_permission VALUES(74,19,'change_mitarbeiter','Can change mitarbeiter');
INSERT INTO auth_permission VALUES(75,19,'delete_mitarbeiter','Can delete mitarbeiter');
INSERT INTO auth_permission VALUES(76,19,'view_mitarbeiter','Can view mitarbeiter');
INSERT INTO auth_permission VALUES(77,20,'add_monatlichearbeitszeitsoll','Can add Monatliches Arbeitszeitlimit');
INSERT INTO auth_permission VALUES(78,20,'change_monatlichearbeitszeitsoll','Can change Monatliches Arbeitszeitlimit');
INSERT INTO auth_permission VALUES(79,20,'delete_monatlichearbeitszeitsoll','Can delete Monatliches Arbeitszeitlimit');
INSERT INTO auth_permission VALUES(80,20,'view_monatlichearbeitszeitsoll','Can view Monatliches Arbeitszeitlimit');
INSERT INTO auth_permission VALUES(81,21,'add_schichtplanaenderung','Can add Schichtplan-Änderung');
INSERT INTO auth_permission VALUES(82,21,'change_schichtplanaenderung','Can change Schichtplan-Änderung');
INSERT INTO auth_permission VALUES(83,21,'delete_schichtplanaenderung','Can delete Schichtplan-Änderung');
INSERT INTO auth_permission VALUES(84,21,'view_schichtplanaenderung','Can view Schichtplan-Änderung');
CREATE TABLE IF NOT EXISTS "auth_group" ("id" integer NOT NULL PRIMARY KEY AUTOINCREMENT, "name" varchar(150) NOT NULL UNIQUE);
INSERT INTO auth_group VALUES(1,'Schichtplaner');
CREATE TABLE IF NOT EXISTS "auth_user" ("id" integer NOT NULL PRIMARY KEY AUTOINCREMENT, "password" varchar(128) NOT NULL, "last_login" datetime NULL, "is_superuser" bool NOT NULL, "username" varchar(150) NOT NULL UNIQUE, "last_name" varchar(150) NOT NULL, "email" varchar(254) NOT NULL, "is_staff" bool NOT NULL, "is_active" bool NOT NULL, "date_joined" datetime NOT NULL, "first_name" varchar(150) NOT NULL);
INSERT INTO auth_user VALUES(1,'pbkdf2_sha256$1200000$lENSz6NBEnZbdFgeqboLvV$/hDDmeUesf2ty9dF6RCyddA8Iti80bvmXC3ew2br220=','2026-02-07 12:08:23.882066',1,'admin','','geoklein@web.de',1,1,'2026-01-21 17:23:06.723365','');
INSERT INTO auth_user VALUES(3,'pbkdf2_sha256$1200000$S1tFYiPrFLtmBEkwnTUCUQ$mYru6wfK9d+S3wQ2FWYxKNd/J4mzvRBbWit31ODY5gM=','2026-01-21 20:22:43.779188',1,'admin1','','geoklein@web.de',1,1,'2026-01-21 19:55:25.827358','');
INSERT INTO auth_user VALUES(4,'pbkdf2_sha256$1200000$Vvlc5FSh5D4dDDq9Du333e$tzyfbPN8xqFiZCwyDMNpc9IBaOSO2ByiyQ4S3YpeB/U=','2026-02-07 12:07:57.489264',0,'anna.schmidt','Schmidt','anna.schmidt@firma.de',1,1,'2026-01-21 20:59:09','Anna');
INSERT INTO auth_user VALUES(5,'pbkdf2_sha256$1200000$q2padAVPHDRHxTyWOemDBq$5EQ0QsT1eA2CF/+DZLMEEj2GxmBk9+I5RoWIyMAWHSk=','2026-01-31 22:33:29.165081',0,'GKlein','Klein','geoklein@web.de',0,1,'2026-01-22 15:58:21','Georg');
INSERT INTO auth_user VALUES(6,'pbkdf2_sha256$1200000$NGzvp4r81QkL7IB7fVeNX1$uLxEq5wa2nO+6FhC/g4YJzql8nTsv+NZrKNUV/57tqk=','2026-01-27 11:47:09.414516',0,'holger.kluge','Kluge','holger.kluge@firma.de',0,1,'2026-01-26 18:44:35.127763','Holger');
INSERT INTO auth_user VALUES(7,'pbkdf2_sha256$1200000$xyAfiQVU1ZKShos8DC2ECu$UgG7B8UrdkxyNC6YxW21ubgHBDmzg1gqkbj59uhy89o=','2026-02-02 15:27:31.113086',0,'PBrach','','',0,1,'2026-01-26 19:05:41.670199','');
INSERT INTO auth_user VALUES(8,'pbkdf2_sha256$1200000$3pJZI38Cek0lMIPBraDqPG$e7U0ez4UaqGbG41joqS+j+DYZYf2aExqPNQQD2+qOMM=','2026-02-01 09:50:45.400998',0,'UKlein','','',0,1,'2026-01-26 19:06:50','');
INSERT INTO auth_user VALUES(9,'pbkdf2_sha256$1200000$xAdjYuWKJHUPnJAFBDGMye$127yi2PTg22ylZh2Yc8Prqsb3PtqVWJhIox4+IwJFjI=',NULL,0,'DEbbe','','',0,1,'2026-01-26 19:08:55.396085','');
INSERT INTO auth_user VALUES(10,'pbkdf2_sha256$1200000$DBDX2IYnXhW6FQ4zm8WPmm$6w4K/qDy1TQC/l53VvdWAs2fwrGtCZKtXaw6OK8kBh0=','2026-02-07 11:54:09.326392',0,'LHase','','',0,1,'2026-01-26 19:09:50.093124','');
INSERT INTO auth_user VALUES(12,'pbkdf2_sha256$1200000$Mkcw4dDjrPgW1bCc2zG3sG$OtUOX3r9FD/tfLMtNtiLmbujHIbRfAgzR6VcDrvRKRw=','2026-02-05 20:24:01.674505',0,'RKornischuk','','',0,1,'2026-01-26 19:11:40','');
INSERT INTO auth_user VALUES(13,'pbkdf2_sha256$1200000$TNsUJ4Ar0NsZa3qjoEMHdZ$cDJZhiy91epcEYZqCATZ7GHf45GeNa1nbtnUv6Q0W5M=',NULL,0,'RKrausmacher','','',0,1,'2026-01-26 19:12:52.997141','');
INSERT INTO auth_user VALUES(14,'pbkdf2_sha256$1200000$uUEM7aGvcTp4tnhAuQeeNQ$tjoWEKH61SqFQvSTQRFt5xdJgSZ4NCFl/dJIzRwRk0E=','2026-02-01 09:48:15.689945',0,'UGroß','','',0,1,'2026-01-26 19:15:22','');
INSERT INTO auth_user VALUES(15,'pbkdf2_sha256$1200000$nr6BCj2JI4ZGbSZ9DMw8dM$j+IuaxCQBPHfmHCgZKxOeD1iqnFs8Cv21DS4v5sAyZQ=','2026-02-05 19:17:06.272598',0,'MRensch','','',0,1,'2026-01-26 19:17:59.655670','');
INSERT INTO auth_user VALUES(16,'pbkdf2_sha256$1200000$4b3fYPDrTdkXuEHHusCROz$CB+kR2ctMf1FYCpjWleEfRKqD7g6kccjO6A6jmYYYNE=','2026-02-07 12:09:37.547640',0,'GSchumann','','',0,1,'2026-01-26 19:19:54.668795','');
INSERT INTO auth_user VALUES(17,'pbkdf2_sha256$1200000$3ZJrMbtlthdEZUOHUcSU0X$BxoR70XzHE7Qr/0kQTWajt0AEDRXWSgy9C6YjqwG8ms=',NULL,0,'SSohtup','','',0,1,'2026-01-26 19:21:16.697005','');
INSERT INTO auth_user VALUES(18,'pbkdf2_sha256$1200000$45T2dyveCpmHtzpAPtxp3e$ORTEeKoYGEUKaGgzSQ9tpNuV4fRwCed7ahq0lP4SJzY=','2026-02-07 12:10:30.047617',0,'CSporck','','',0,1,'2026-01-26 19:23:04','');
INSERT INTO auth_user VALUES(19,'pbkdf2_sha256$1200000$siJqYXAoFgCPknYpfYBkIi$JK/qpYIQ7U74eMg2aeyIg+ztGPWRRGuZCn2e5xJKK8g=',NULL,0,'UUllmann','','',0,1,'2026-01-26 19:25:37.538999','');
INSERT INTO auth_user VALUES(20,'pbkdf2_sha256$1200000$w4E4Y3Wf9RUxbCfxhhJtmz$ULPoy4c51TSihmVc6QTSLKkYah5gy6tWzUDwws0Xrr8=','2026-01-26 19:27:16.467942',0,'AWeinart','','',0,1,'2026-01-26 19:26:37.634744','');
INSERT INTO auth_user VALUES(21,'pbkdf2_sha256$1200000$fzwayci9NFYA7ZJOZCQJyg$XKiAOZfuvXgoaWxPAh9PVCy3Wsg8NB+VLbADnaf32nc=',NULL,0,'RKollaga','','',0,1,'2026-01-26 22:26:33.092432','');
CREATE TABLE IF NOT EXISTS "django_session" ("session_key" varchar(40) NOT NULL PRIMARY KEY, "session_data" text NOT NULL, "expire_date" datetime NOT NULL);
INSERT INTO django_session VALUES('lnn985u58ciukhlt5e7g7b4xsz9oycl2','.eJxVjMsOwiAQAP9lz4Zsy7rQHr33GwgsIFUDSR8n47-bJj3odWYyb3B-34rb17S4OcIIBJdfFrw8Uz1EfPh6b0pa3ZY5qCNRp13V1GJ63c72b1D8WmAEFibOXbIYtSXTMwpyZ_QgSSQbDBgG9CZ1gjpng9ZHJiLqMV8tawufL83TNxQ:1vifNM:YrpNmnRbuQmHSDGbDmlh6eGLBCRS6Ve7O_9LPA6Xp50','2026-02-04 21:04:28.254547');
INSERT INTO django_session VALUES('f892zj6bzwrlzmijdyohx2rgx0llq4fu','.eJxVjDkOwjAQAP-yNbJ8JGs7JT1vsHZ94ABypDipEH9HkVJAOzOaNwTatxr2ntcwJ5hAw-WXMcVnbodID2r3RcSlbevM4kjEabu4LSm_rmf7N6jUK0yAzo0ZjVY2Sq11YcvkkYzLlmWKyYwsnbEDuqKUlBaVQXSRy4A-kZfw-QLAVDbn:1viwRW:CmC72TpHIwCH1ugD49lhqSvAy2an0a7fTf1NUyXYumU','2026-02-05 15:17:54.683405');
INSERT INTO django_session VALUES('8ia5burz9imy5m9bwqdmmatwszrxrr9k','.eJxVjDkOwjAQAP-yNbJ8JGs7JT1vsHZ94ABypDipEH9HkVJAOzOaNwTatxr2ntcwJ5hAw-WXMcVnbodID2r3RcSlbevM4kjEabu4LSm_rmf7N6jUK0yAzo0ZjVY2Sq11YcvkkYzLlmWKyYwsnbEDuqKUlBaVQXSRy4A-kZfw-QLAVDbn:1viwc3:XpMasE-OFivG4k6lVxGOwc6APPzxcjahotLnXfYubLc','2026-02-05 15:28:47.206324');
INSERT INTO django_session VALUES('wpxx6de6l00barhiyrrc3xd4vwr7dddv','.eJxVjMsOwiAQAP9lz4Zsy7rQHr33GwgsIFUDSR8n47-bJj3odWYyb3B-34rb17S4OcIIBJdfFrw8Uz1EfPh6b0pa3ZY5qCNRp13V1GJ63c72b1D8WmAEFibOXbIYtSXTMwpyZ_QgSSQbDBgG9CZ1gjpng9ZHJiLqMV8tawufL83TNxQ:1vixw2:V1kHVEiD6oSjQerF--13ivhkeUz1waWfGWV8GGQonDw','2026-02-05 16:53:30.214378');
INSERT INTO django_session VALUES('shiuq0pgfql96dqk4d2el98fk7t4c1el','.eJxVjEEOwiAQAP-yZ0MWKIXt0btvaGBZpGrapLQn499Nkx70OjOZN4xx3-q4N1nHKcMADi6_LEV-ynyI_IjzfVG8zNs6JXUk6rRN3ZYsr-vZ_g1qbBUGKJ1ndkipD9ElRiM-h0i91lhMr0OwDi2Sxa6YLjOxGEvWCSYiLd7D5wvOlTbu:1vjaEj:WNt2_1PolgD0Na1D0Sr_xhx5eXwdlTkC-NiZQbpDreE','2026-02-07 09:47:21.254443');
INSERT INTO django_session VALUES('6ncrmzqf0t44s17gdlx9t0ct1uid7uau','.eJxVjMsOwiAQAP9lz4Zsy7rQHr33GwgsIFUDSR8n47-bJj3odWYyb3B-34rb17S4OcIIBJdfFrw8Uz1EfPh6b0pa3ZY5qCNRp13V1GJ63c72b1D8WmAEFibOXbIYtSXTMwpyZ_QgSSQbDBgG9CZ1gjpng9ZHJiLqMV8tawufL83TNxQ:1vjaSB:oKjInKFOEcIoCmDpQiCSIVKVouV72oGeYfx8w-H8qYc','2026-02-07 10:01:15.083892');
INSERT INTO django_session VALUES('erbqw67cfrz1wemn5m2hr33wgma6rhor','.eJxVjMsOwiAQAP9lz4Zsy7rQHr33GwgsIFUDSR8n47-bJj3odWYyb3B-34rb17S4OcIIBJdfFrw8Uz1EfPh6b0pa3ZY5qCNRp13V1GJ63c72b1D8WmAEFibOXbIYtSXTMwpyZ_QgSSQbDBgG9CZ1gjpng9ZHJiLqMV8tawufL83TNxQ:1vjaaD:PWp_ZdywENpGYI8Xg4EGllzhz818KcgBvw5H1isEKmk','2026-02-07 10:09:33.044073');
INSERT INTO django_session VALUES('7yb0a5mgvvfy8krt06e5afmrzwa9k2na','.eJxVjEEOwiAQAP-yZ0NYKhR69O4bCMuuUjWQlPZk_Ltp0oNeZybzhpi2tcStyxJnhgkQTr-MUn5K3QU_Ur03lVtdl5nUnqjDdnVtLK_L0f4NSuoFJkiSb5757Ebns7NmCESYBzZWBy3InhlJxBijkTNaZ50lDiN644OQg88X8qA31g:1vkP0N:g1bDRmRPCYzZIQoMrLkiMVXoBSoPJSH5qIk72NJM4xc','2026-02-09 15:59:55.264258');
INSERT INTO django_session VALUES('amc8ptde698oobgwyhmy5lcfz0m2uu9l','.eJxVjEEOwiAQAP-yZ0NYKhR69O4bCMuuUjWQlPZk_Ltp0oNeZybzhpi2tcStyxJnhgkQTr-MUn5K3QU_Ur03lVtdl5nUnqjDdnVtLK_L0f4NSuoFJkiSb5757Ebns7NmCESYBzZWBy3InhlJxBijkTNaZ50lDiN644OQg88X8qA31g:1vkPFL:yPOsvjoFbeqcNckIbAk-hQrscLyUkqyVrN290cGIR5s','2026-02-09 16:15:23.599582');
INSERT INTO django_session VALUES('0o6i7hzvtfis1tb4937ioqlhtww4uq72','.eJxVjEEOwiAQAP-yZ0NYKhR69O4bCMuuUjWQlPZk_Ltp0oNeZybzhpi2tcStyxJnhgkQTr-MUn5K3QU_Ur03lVtdl5nUnqjDdnVtLK_L0f4NSuoFJkiSb5757Ebns7NmCESYBzZWBy3InhlJxBijkTNaZ50lDiN644OQg88X8qA31g:1vkQBT:Ix8dM5J7ArhBHSL4me9pZ3s8oSoU-WzjeX5XRV9fleY','2026-02-09 17:15:27.841846');
INSERT INTO django_session VALUES('lxhlxw4c7h2tzyia1cp0opzi68tuzs47','.eJxVjEEOwiAQAP-yZ0NYKhR69O4bCMuuUjWQlPZk_Ltp0oNeZybzhpi2tcStyxJnhgkQTr-MUn5K3QU_Ur03lVtdl5nUnqjDdnVtLK_L0f4NSuoFJkiSb5757Ebns7NmCESYBzZWBy3InhlJxBijkTNaZ50lDiN644OQg88X8qA31g:1vkQL2:ARGU-0dSW-oVh9cInDW2ozmlooC8AfHocfAhhFUjDBg','2026-02-09 17:25:20.150221');
INSERT INTO django_session VALUES('2iym1fz33so0sq2lchngljjkzl8c3zzc','.eJxVjEEOwiAQAP-yZ0NYKhR69O4bCMuuUjWQlPZk_Ltp0oNeZybzhpi2tcStyxJnhgkQTr-MUn5K3QU_Ur03lVtdl5nUnqjDdnVtLK_L0f4NSuoFJkiSb5757Ebns7NmCESYBzZWBy3InhlJxBijkTNaZ50lDiN644OQg88X8qA31g:1vkQTv:k4aCzZIiFASVPJDZie8PyNXb2aQs8xSQYIhqEr7Dn0w','2026-02-09 17:34:31.695929');
INSERT INTO django_session VALUES('diqxk08br007u3po9ka1bl624ofbszk5','.eJxVjEEOwiAQAP-yZ0NYKhR69O4bCMuuUjWQlPZk_Ltp0oNeZybzhpi2tcStyxJnhgkQTr-MUn5K3QU_Ur03lVtdl5nUnqjDdnVtLK_L0f4NSuoFJkiSb5757Ebns7NmCESYBzZWBy3InhlJxBijkTNaZ50lDiN644OQg88X8qA31g:1vkVlb:xnAU0hrENMkYRcVCuIpPuxbznBUnb7AV31i4JpHmVrQ','2026-02-09 23:13:07.799741');
INSERT INTO django_session VALUES('kbuxom6o2yd0g0kutlultna6thac7ov0','.eJxVjEEOwiAQAP-yZ0NYKhR69O4bCMuuUjWQlPZk_Ltp0oNeZybzhpi2tcStyxJnhgkQTr-MUn5K3QU_Ur03lVtdl5nUnqjDdnVtLK_L0f4NSuoFJkiSb5757Ebns7NmCESYBzZWBy3InhlJxBijkTNaZ50lDiN644OQg88X8qA31g:1vkd6u:PVtWDRGREK6x0s6DEm5TypSo9Er7FybVDccnxYMhHcI','2026-02-10 07:03:36.084815');
INSERT INTO django_session VALUES('hobom2rc5ev346kusuwokdziq4mz2qzm','.eJxVjEEOwiAQAP-yZ0MWKIXt0btvaGBZpGrapLQn499Nkx70OjOZN4xx3-q4N1nHKcMADi6_LEV-ynyI_IjzfVG8zNs6JXUk6rRN3ZYsr-vZ_g1qbBUGKJ1ndkipD9ElRiM-h0i91lhMr0OwDi2Sxa6YLjOxGEvWCSYiLd7D5wvOlTbu:1vkdKl:YQm9cSkbopav-RZ0_jbJ2GFpnUbLSgV9afl1inQCB-U','2026-02-10 07:17:55.680309');
INSERT INTO django_session VALUES('3ybph6kvmlbv118k224wvpdb8tu1px1w','.eJxVjEEKwyAQAP-y5yJqUDc59t43yLq6NW0xEJNT6d9LIIf2OjPMGyLtW417L2ucM0zg4PLLEvGztEPkB7X7onhp2zondSTqtF3dllxe17P9G1TqFSYQFDGuGC9cPLO1Yjloo1NishqJTHCZNHrRmGxASQGDDNqP3g8jMny-BGA4DA:1vkrZ1:iiwaRXurbbFhsBZvijcI2CHVqTfo3skyCTMRjtX6FaM','2026-02-10 22:29:35.745853');
INSERT INTO django_session VALUES('z6ryggv5n6u23mcebctzl2bl36eac8gl','.eJxVjEsOgjAUAO_y1qaB_qAs3XsG8j6tRU2bUFgZ725IWOh2ZjJvmHHf8ry3uM6LwAQ9XH4ZIT9jOYQ8sNyr4lq2dSF1JOq0Td2qxNf1bP8GGVuGCawzI7HX0VIXx8BokpHkOz2QWLTBsbcdJhkcap3Yj4N2JMZb4pR6CvD5AuznOGM:1vm8ou:a1i0T6Qc74ifPz60nLI_qDPi-G6tpo295B7LwiQSc7Y','2026-02-14 11:07:16.044936');
INSERT INTO django_session VALUES('sewut6dern3eirpmqguio1ewqxw7twgf','e30:1vmDYy:xR_c9fjeJjHeVicT0p96GGy53EcCGvF0pxD8hEfwD2g','2026-02-14 16:11:08.365919');
INSERT INTO django_session VALUES('ehza1hd4ep93e8172z3nw68jsj6qqb6w','.eJxVjLsKwzAMAP9FczGyXBs5Y_d-Q7AcuU5bHMhjCv33EsjQrnfH7dCnba39tujcjwN0YBEuv1BSfmk7zPBM7TGZPLV1HsUciTntYu7ToO_b2f4NaloqdFCIhNhx8BSkeEKMtgT2PntHKKjI7LhwUUtCpDGgxnLNznlmGxE-X9FpNo0:1vmE68:nd8a2Gl6_yVN2uXHbv2uA0Kttftw4ji3zCI8fqOlukE','2026-02-14 16:45:24.432846');
INSERT INTO django_session VALUES('l60xpd0eul2jnue33v5t3uduoywobo9q','.eJxVjLsKwzAMAP9FczGyXBs5Y_d-Q7AcuU5bHMhjCv33EsjQrnfH7dCnba39tujcjwN0YBEuv1BSfmk7zPBM7TGZPLV1HsUciTntYu7ToO_b2f4NaloqdFCIhNhx8BSkeEKMtgT2PntHKKjI7LhwUUtCpDGgxnLNznlmGxE-X9FpNo0:1vmEPB:gUwpR6DNgen2J0Zp4-0Jf7qZXRxX1L7KOA1aO3DgZmI','2026-02-14 17:05:05.778252');
INSERT INTO django_session VALUES('on2gpydhc3czchseby3zvb47ctsxev0i','.eJxVjLsKwzAMAP9FczGyXBs5Y_d-Q7AcuU5bHMhjCv33EsjQrnfH7dCnba39tujcjwN0YBEuv1BSfmk7zPBM7TGZPLV1HsUciTntYu7ToO_b2f4NaloqdFCIhNhx8BSkeEKMtgT2PntHKKjI7LhwUUtCpDGgxnLNznlmGxE-X9FpNo0:1vmExD:4fkL03S6qwz1J_SygTa-kIK64RnYfgKELDDSrllj9Uk','2026-02-14 17:40:15.018382');
INSERT INTO django_session VALUES('ie1q25n9tbr9omuda3prbd34firnwxvx','.eJxVjLsKwzAMAP9FczGyXBs5Y_d-Q7AcuU5bHMhjCv33EsjQrnfH7dCnba39tujcjwN0YBEuv1BSfmk7zPBM7TGZPLV1HsUciTntYu7ToO_b2f4NaloqdFCIhNhx8BSkeEKMtgT2PntHKKjI7LhwUUtCpDGgxnLNznlmGxE-X9FpNo0:1vmEzY:zXjLHVqYLXrr4UHR3z9rVlnYBM2H1FiEMpIy68SbAdg','2026-02-14 17:42:40.430583');
INSERT INTO django_session VALUES('g6a09s9ogm8w26kgcljrgpfv4w8vtss0','.eJxVjLsKwzAMAP9FczGyXBs5Y_d-Q7AcuU5bHMhjCv33EsjQrnfH7dCnba39tujcjwN0YBEuv1BSfmk7zPBM7TGZPLV1HsUciTntYu7ToO_b2f4NaloqdFCIhNhx8BSkeEKMtgT2PntHKKjI7LhwUUtCpDGgxnLNznlmGxE-X9FpNo0:1vmFfi:OM4MjiGoRqnfDlZQ0nKjj_DnMaBPnC3Bqaht9-ZQVm0','2026-02-14 18:26:14.283518');
INSERT INTO django_session VALUES('8hwcauny1wsaz5ebdphm5fxfb29h662d','.eJxVjLsKwzAMAP9FczGyXBs5Y_d-Q7AcuU5bHMhjCv33EsjQrnfH7dCnba39tujcjwN0YBEuv1BSfmk7zPBM7TGZPLV1HsUciTntYu7ToO_b2f4NaloqdFCIhNhx8BSkeEKMtgT2PntHKKjI7LhwUUtCpDGgxnLNznlmGxE-X9FpNo0:1vmUfq:WonaRXJgUVz76wT1fjRIko9t68KcIGL_LFoKr_AbEF4','2026-02-15 10:27:22.875474');
INSERT INTO django_session VALUES('ibi7a4rimlmzu7svgs1aw5nzha46noqv','.eJxVjMsOwiAQAP9lz4awsBTo0Xu_odkFlKqhSR8n47-bJj3odWYybxh53-q4r2UZpww9YIDLLxROz9IOkx_c7rNKc9uWSdSRqNOuaphzeV3P9m9Qea3QA2lhoaKN08HZXHxHKIk5OLkltmiICI3VHmNI0XXWe_ZcUFOIHlng8wX1-jcx:1vmVQi:bqUlyRPa_1ZDd_hmpID_w-pWXlQrpZEdkSiGSMDRGtA','2026-02-15 11:15:48.954631');
INSERT INTO django_session VALUES('wiz6n0g4p8163kspe2okfp901my6mk9w','.eJxVjLsKwzAMAP9FczGyXBs5Y_d-Q7AcuU5bHMhjCv33EsjQrnfH7dCnba39tujcjwN0YBEuv1BSfmk7zPBM7TGZPLV1HsUciTntYu7ToO_b2f4NaloqdFCIhNhx8BSkeEKMtgT2PntHKKjI7LhwUUtCpDGgxnLNznlmGxE-X9FpNo0:1vmucX:dgflibLP2t4zzd7KVVi8MthTp3Lf_IPjBd6WMf-6Vkk','2026-02-16 14:09:41.978376');
INSERT INTO django_session VALUES('gqf2jsq5faple1n2ovq4xf5z53kj7c11','.eJxVjMsOwiAQAP9lz4awsBTo0Xu_odkFlKqhSR8n47-bJj3odWYybxh53-q4r2UZpww9YIDLLxROz9IOkx_c7rNKc9uWSdSRqNOuaphzeV3P9m9Qea3QA2lhoaKN08HZXHxHKIk5OLkltmiICI3VHmNI0XXWe_ZcUFOIHlng8wX1-jcx:1vn0A0:vd1RE_sTy7cshgkfGdWiQz6q9r3LUD7n8-v6apAjEzc','2026-02-16 20:04:36.170307');
INSERT INTO django_session VALUES('72ohuv1gavykunw3z3fyosztj6ry8fyv','.eJxVjMsOwiAQAP9lz4awsBTo0Xu_odkFlKqhSR8n47-bJj3odWYybxh53-q4r2UZpww9YIDLLxROz9IOkx_c7rNKc9uWSdSRqNOuaphzeV3P9m9Qea3QA2lhoaKN08HZXHxHKIk5OLkltmiICI3VHmNI0XXWe_ZcUFOIHlng8wX1-jcx:1vn0FO:4PbzueNX0l_HUsCFk198AT86QqfsUhkQFQ2uGqtVaMU','2026-02-16 20:10:10.535161');
INSERT INTO django_session VALUES('5w25stpdqsjtpa1zr8hqyt07nskdlqx0','.eJxVjMsOwiAQAP9lz4awsBTo0Xu_odkFlKqhSR8n47-bJj3odWYybxh53-q4r2UZpww9YIDLLxROz9IOkx_c7rNKc9uWSdSRqNOuaphzeV3P9m9Qea3QA2lhoaKN08HZXHxHKIk5OLkltmiICI3VHmNI0XXWe_ZcUFOIHlng8wX1-jcx:1vn0GF:Xs74762cIReRduuAbYRWXyS2mlJ9rbxEN8XvvOuWGbY','2026-02-16 20:11:03.841081');
INSERT INTO django_session VALUES('xxo3k7wv50pp8i3132z0ydt9parfm2vx','.eJxVjMsOwiAQAP-FsyHlsVA8eu83kN2FStXQpLQn478bkh70OjOZt4h47CUeLW9xSeIqlBaXX0jIz1y7SQ-s91XyWvdtIdkTedompzXl1-1s_wYFW-lftOgNMCCMnCAYIutmA5o8JkbjR0dKW2ZjTZpV8HZQNrghe6d1BhCfLwOON2w:1vo55q:mYv8xKW-azSOvvjcNlxb3Chy9wJ38eWOAyLBDlKNg7k','2026-02-19 19:32:46.092898');
INSERT INTO django_session VALUES('4lumjjfyqy8joai50xc9kvas85elegns','.eJxVjMsOwiAQAP-FsyHlsVA8eu83kN2FStXQpLQn478bkh70OjOZt4h47CUeLW9xSeIqlBaXX0jIz1y7SQ-s91XyWvdtIdkTedompzXl1-1s_wYFW-lftOgNMCCMnCAYIutmA5o8JkbjR0dKW2ZjTZpV8HZQNrghe6d1BhCfLwOON2w:1vo585:795J_FOAIx1PgoZu_qMOFoohwmGapZiHzGRuvd781UU','2026-02-19 19:35:05.594627');
INSERT INTO django_session VALUES('nyea09xe2o8cdc6i3u4peajnjjxzydum','.eJxVjEsOgjAUAO_y1qaB_qAs3XsG8j6tRU2bUFgZ725IWOh2ZjJvmHHf8ry3uM6LwAQ9XH4ZIT9jOYQ8sNyr4lq2dSF1JOq0Td2qxNf1bP8GGVuGCawzI7HX0VIXx8BokpHkOz2QWLTBsbcdJhkcap3Yj4N2JMZb4pR6CvD5AuznOGM:1vo59a:lBurmEZLnIPHb6XSMEI7r9DUzd1exDGmAwbPV2B0l-8','2026-02-19 19:36:38.326411');
INSERT INTO django_session VALUES('qckza9rwnuac3ybgu0x8zgh870evkr2w','.eJxVjMsOwiAQAP9lz4awsBTo0Xu_odkFlKqhSR8n47-bJj3odWYybxh53-q4r2UZpww9YIDLLxROz9IOkx_c7rNKc9uWSdSRqNOuaphzeV3P9m9Qea3QA2lhoaKN08HZXHxHKIk5OLkltmiICI3VHmNI0XXWe_ZcUFOIHlng8wX1-jcx:1voh8w:jzsdmD8hN3RibMvKbNRw9J1BcPABB7JnRNecxycBdsU','2026-02-21 12:10:30.049596');
CREATE TABLE IF NOT EXISTS "schichtplan_schicht" ("id" integer NOT NULL PRIMARY KEY AUTOINCREMENT, "datum" date NOT NULL, "abweichende_start_zeit" time NULL, "abweichende_ende_zeit" time NULL, "bemerkungen" text NOT NULL, "mitarbeiter_id" bigint NOT NULL REFERENCES "arbeitszeit_mitarbeiter" ("id") DEFERRABLE INITIALLY DEFERRED, "schichtplan_id" bigint NOT NULL REFERENCES "schichtplan_schichtplan" ("id") DEFERRABLE INITIALLY DEFERRED, "schichttyp_id" bigint NOT NULL REFERENCES "schichtplan_schichttyp" ("id") DEFERRABLE INITIALLY DEFERRED);
INSERT INTO schichtplan_schicht VALUES(1,'2025-11-01',NULL,NULL,'',10,2,2);
INSERT INTO schichtplan_schicht VALUES(2,'2025-11-01',NULL,NULL,'',11,2,2);
INSERT INTO schichtplan_schicht VALUES(3,'2025-11-01',NULL,NULL,'',12,2,1);
INSERT INTO schichtplan_schicht VALUES(4,'2025-11-01',NULL,NULL,'',18,2,1);
INSERT INTO schichtplan_schicht VALUES(5,'2025-11-02',NULL,NULL,'',7,2,2);
INSERT INTO schichtplan_schicht VALUES(6,'2025-11-02',NULL,NULL,'',3,2,2);
INSERT INTO schichtplan_schicht VALUES(7,'2025-11-02',NULL,NULL,'',12,2,1);
INSERT INTO schichtplan_schicht VALUES(8,'2025-11-02',NULL,NULL,'',18,2,1);
INSERT INTO schichtplan_schicht VALUES(9,'2025-11-03',NULL,NULL,'',19,2,1);
INSERT INTO schichtplan_schicht VALUES(10,'2025-11-03',NULL,NULL,'',13,2,2);
INSERT INTO schichtplan_schicht VALUES(11,'2025-11-03',NULL,NULL,'',14,2,1);
INSERT INTO schichtplan_schicht VALUES(12,'2025-11-03',NULL,NULL,'',16,2,2);
INSERT INTO schichtplan_schicht VALUES(13,'2025-11-03',NULL,NULL,'',17,2,1);
INSERT INTO schichtplan_schicht VALUES(14,'2025-11-04',NULL,NULL,'',19,2,1);
INSERT INTO schichtplan_schicht VALUES(15,'2025-11-04',NULL,NULL,'',10,2,1);
INSERT INTO schichtplan_schicht VALUES(16,'2025-11-04',NULL,NULL,'',11,2,1);
INSERT INTO schichtplan_schicht VALUES(17,'2025-11-04',NULL,NULL,'',13,2,2);
INSERT INTO schichtplan_schicht VALUES(18,'2025-11-04',NULL,NULL,'',16,2,2);
INSERT INTO schichtplan_schicht VALUES(19,'2025-11-05',NULL,NULL,'',6,2,1);
INSERT INTO schichtplan_schicht VALUES(20,'2025-11-05',NULL,NULL,'',7,2,2);
INSERT INTO schichtplan_schicht VALUES(21,'2025-11-05',NULL,NULL,'',3,2,1);
INSERT INTO schichtplan_schicht VALUES(22,'2025-11-05',NULL,NULL,'',18,2,2);
INSERT INTO schichtplan_schicht VALUES(23,'2025-11-06',NULL,NULL,'',7,2,2);
INSERT INTO schichtplan_schicht VALUES(24,'2025-11-06',NULL,NULL,'',3,2,1);
INSERT INTO schichtplan_schicht VALUES(25,'2025-11-06',NULL,NULL,'',10,2,1);
INSERT INTO schichtplan_schicht VALUES(26,'2025-11-06',NULL,NULL,'',14,2,1);
INSERT INTO schichtplan_schicht VALUES(27,'2025-11-06',NULL,NULL,'',18,2,2);
INSERT INTO schichtplan_schicht VALUES(28,'2025-11-07',NULL,NULL,'',7,2,2);
INSERT INTO schichtplan_schicht VALUES(29,'2025-11-07',NULL,NULL,'',9,2,1);
INSERT INTO schichtplan_schicht VALUES(30,'2025-11-07',NULL,NULL,'',13,2,2);
INSERT INTO schichtplan_schicht VALUES(31,'2025-11-07',NULL,NULL,'',17,2,1);
INSERT INTO schichtplan_schicht VALUES(32,'2025-11-08',NULL,NULL,'',9,2,1);
INSERT INTO schichtplan_schicht VALUES(33,'2025-11-08',NULL,NULL,'',14,2,2);
INSERT INTO schichtplan_schicht VALUES(34,'2025-11-08',NULL,NULL,'',16,2,1);
INSERT INTO schichtplan_schicht VALUES(35,'2025-11-08',NULL,NULL,'',17,2,2);
INSERT INTO schichtplan_schicht VALUES(36,'2025-11-09',NULL,NULL,'',9,2,1);
INSERT INTO schichtplan_schicht VALUES(37,'2025-11-09',NULL,NULL,'',16,2,2);
INSERT INTO schichtplan_schicht VALUES(38,'2025-11-09',NULL,NULL,'',17,2,2);
INSERT INTO schichtplan_schicht VALUES(39,'2025-11-09',NULL,NULL,'',18,2,1);
INSERT INTO schichtplan_schicht VALUES(40,'2025-11-10',NULL,NULL,'',19,2,1);
INSERT INTO schichtplan_schicht VALUES(41,'2025-11-10',NULL,NULL,'',10,2,1);
INSERT INTO schichtplan_schicht VALUES(42,'2025-11-10',NULL,NULL,'',11,2,1);
INSERT INTO schichtplan_schicht VALUES(43,'2025-11-10',NULL,NULL,'',12,2,2);
INSERT INTO schichtplan_schicht VALUES(44,'2025-11-10',NULL,NULL,'',13,2,1);
INSERT INTO schichtplan_schicht VALUES(45,'2025-11-10',NULL,NULL,'',18,2,2);
INSERT INTO schichtplan_schicht VALUES(46,'2025-11-11',NULL,NULL,'',7,2,1);
INSERT INTO schichtplan_schicht VALUES(47,'2025-11-11',NULL,NULL,'',11,2,1);
INSERT INTO schichtplan_schicht VALUES(48,'2025-11-11',NULL,NULL,'',13,2,2);
INSERT INTO schichtplan_schicht VALUES(49,'2025-11-11',NULL,NULL,'',18,2,2);
INSERT INTO schichtplan_schicht VALUES(50,'2025-11-12',NULL,NULL,'',6,2,1);
INSERT INTO schichtplan_schicht VALUES(51,'2025-11-12',NULL,NULL,'',9,2,2);
INSERT INTO schichtplan_schicht VALUES(52,'2025-11-12',NULL,NULL,'',3,2,1);
INSERT INTO schichtplan_schicht VALUES(53,'2025-11-12',NULL,NULL,'',10,2,1);
INSERT INTO schichtplan_schicht VALUES(54,'2025-11-12',NULL,NULL,'',14,2,2);
INSERT INTO schichtplan_schicht VALUES(55,'2025-11-13',NULL,NULL,'',9,2,2);
INSERT INTO schichtplan_schicht VALUES(56,'2025-11-13',NULL,NULL,'',14,2,2);
INSERT INTO schichtplan_schicht VALUES(57,'2025-11-13',NULL,NULL,'',16,2,1);
INSERT INTO schichtplan_schicht VALUES(58,'2025-11-13',NULL,NULL,'',17,2,1);
INSERT INTO schichtplan_schicht VALUES(59,'2025-11-14',NULL,NULL,'',3,2,1);
INSERT INTO schichtplan_schicht VALUES(60,'2025-11-14',NULL,NULL,'',19,2,1);
INSERT INTO schichtplan_schicht VALUES(61,'2025-11-14',NULL,NULL,'',13,2,1);
INSERT INTO schichtplan_schicht VALUES(62,'2025-11-14',NULL,NULL,'',14,2,2);
INSERT INTO schichtplan_schicht VALUES(63,'2025-11-14',NULL,NULL,'',18,2,2);
INSERT INTO schichtplan_schicht VALUES(64,'2025-11-15',NULL,NULL,'',7,2,2);
INSERT INTO schichtplan_schicht VALUES(65,'2025-11-15',NULL,NULL,'',3,2,2);
INSERT INTO schichtplan_schicht VALUES(66,'2025-11-15',NULL,NULL,'',11,2,1);
INSERT INTO schichtplan_schicht VALUES(67,'2025-11-15',NULL,NULL,'',12,2,1);
INSERT INTO schichtplan_schicht VALUES(68,'2025-11-16',NULL,NULL,'',7,2,2);
INSERT INTO schichtplan_schicht VALUES(69,'2025-11-16',NULL,NULL,'',3,2,2);
INSERT INTO schichtplan_schicht VALUES(70,'2025-11-16',NULL,NULL,'',11,2,1);
INSERT INTO schichtplan_schicht VALUES(71,'2025-11-16',NULL,NULL,'',12,2,1);
INSERT INTO schichtplan_schicht VALUES(72,'2025-11-17',NULL,NULL,'',14,2,2);
INSERT INTO schichtplan_schicht VALUES(73,'2025-11-17',NULL,NULL,'',16,2,2);
INSERT INTO schichtplan_schicht VALUES(74,'2025-11-17',NULL,NULL,'',17,2,1);
INSERT INTO schichtplan_schicht VALUES(75,'2025-11-17',NULL,NULL,'',18,2,1);
INSERT INTO schichtplan_schicht VALUES(76,'2025-11-18',NULL,NULL,'',9,2,1);
INSERT INTO schichtplan_schicht VALUES(77,'2025-11-18',NULL,NULL,'',10,2,1);
INSERT INTO schichtplan_schicht VALUES(78,'2025-11-18',NULL,NULL,'',11,2,1);
INSERT INTO schichtplan_schicht VALUES(79,'2025-11-18',NULL,NULL,'',16,2,2);
INSERT INTO schichtplan_schicht VALUES(80,'2025-11-18',NULL,NULL,'',17,2,2);
INSERT INTO schichtplan_schicht VALUES(81,'2025-11-19',NULL,NULL,'',9,2,1);
INSERT INTO schichtplan_schicht VALUES(82,'2025-11-19',NULL,NULL,'',3,2,2);
INSERT INTO schichtplan_schicht VALUES(83,'2025-11-19',NULL,NULL,'',11,2,1);
INSERT INTO schichtplan_schicht VALUES(84,'2025-11-19',NULL,NULL,'',17,2,2);
INSERT INTO schichtplan_schicht VALUES(85,'2025-11-20',NULL,NULL,'',7,2,1);
INSERT INTO schichtplan_schicht VALUES(86,'2025-11-20',NULL,NULL,'',3,2,2);
INSERT INTO schichtplan_schicht VALUES(87,'2025-11-20',NULL,NULL,'',13,2,1);
INSERT INTO schichtplan_schicht VALUES(88,'2025-11-20',NULL,NULL,'',18,2,2);
INSERT INTO schichtplan_schicht VALUES(89,'2025-11-21',NULL,NULL,'',7,2,1);
INSERT INTO schichtplan_schicht VALUES(90,'2025-11-21',NULL,NULL,'',10,2,2);
INSERT INTO schichtplan_schicht VALUES(91,'2025-11-21',NULL,NULL,'',13,2,2);
INSERT INTO schichtplan_schicht VALUES(92,'2025-11-21',NULL,NULL,'',14,2,1);
INSERT INTO schichtplan_schicht VALUES(93,'2025-11-22',NULL,NULL,'',10,2,2);
INSERT INTO schichtplan_schicht VALUES(94,'2025-11-22',NULL,NULL,'',13,2,2);
INSERT INTO schichtplan_schicht VALUES(95,'2025-11-22',NULL,NULL,'',16,2,1);
INSERT INTO schichtplan_schicht VALUES(96,'2025-11-22',NULL,NULL,'',17,2,1);
INSERT INTO schichtplan_schicht VALUES(97,'2025-11-23',NULL,NULL,'',9,2,2);
INSERT INTO schichtplan_schicht VALUES(98,'2025-11-23',NULL,NULL,'',13,2,2);
INSERT INTO schichtplan_schicht VALUES(99,'2025-11-23',NULL,NULL,'',16,2,1);
INSERT INTO schichtplan_schicht VALUES(100,'2025-11-23',NULL,NULL,'',17,2,1);
INSERT INTO schichtplan_schicht VALUES(101,'2025-11-24',NULL,NULL,'',7,2,1);
INSERT INTO schichtplan_schicht VALUES(102,'2025-11-24',NULL,NULL,'',9,2,2);
INSERT INTO schichtplan_schicht VALUES(103,'2025-11-24',NULL,NULL,'',10,2,1);
INSERT INTO schichtplan_schicht VALUES(104,'2025-11-24',NULL,NULL,'',12,2,2);
INSERT INTO schichtplan_schicht VALUES(105,'2025-11-24',NULL,NULL,'',18,2,1);
INSERT INTO schichtplan_schicht VALUES(106,'2025-11-25',NULL,NULL,'',19,2,1);
INSERT INTO schichtplan_schicht VALUES(107,'2025-11-25',NULL,NULL,'',11,2,1);
INSERT INTO schichtplan_schicht VALUES(108,'2025-11-25',NULL,NULL,'',12,2,2);
INSERT INTO schichtplan_schicht VALUES(109,'2025-11-25',NULL,NULL,'',14,2,2);
INSERT INTO schichtplan_schicht VALUES(110,'2025-11-25',NULL,NULL,'',18,2,1);
INSERT INTO schichtplan_schicht VALUES(111,'2025-11-26',NULL,NULL,'',6,2,1);
INSERT INTO schichtplan_schicht VALUES(112,'2025-11-26',NULL,NULL,'',3,2,1);
INSERT INTO schichtplan_schicht VALUES(113,'2025-11-26',NULL,NULL,'',10,2,1);
INSERT INTO schichtplan_schicht VALUES(114,'2025-11-26',NULL,NULL,'',11,2,2);
INSERT INTO schichtplan_schicht VALUES(115,'2025-11-26',NULL,NULL,'',14,2,2);
INSERT INTO schichtplan_schicht VALUES(116,'2025-11-27',NULL,NULL,'',7,2,1);
INSERT INTO schichtplan_schicht VALUES(117,'2025-11-27',NULL,NULL,'',9,2,2);
INSERT INTO schichtplan_schicht VALUES(118,'2025-11-27',NULL,NULL,'',3,2,1);
INSERT INTO schichtplan_schicht VALUES(119,'2025-11-27',NULL,NULL,'',17,2,2);
INSERT INTO schichtplan_schicht VALUES(120,'2025-11-28',NULL,NULL,'',7,2,1);
INSERT INTO schichtplan_schicht VALUES(121,'2025-11-28',NULL,NULL,'',9,2,2);
INSERT INTO schichtplan_schicht VALUES(122,'2025-11-28',NULL,NULL,'',19,2,1);
INSERT INTO schichtplan_schicht VALUES(123,'2025-11-28',NULL,NULL,'',10,2,2);
INSERT INTO schichtplan_schicht VALUES(124,'2025-11-28',NULL,NULL,'',13,2,1);
INSERT INTO schichtplan_schicht VALUES(125,'2025-11-29',NULL,NULL,'',10,2,2);
INSERT INTO schichtplan_schicht VALUES(126,'2025-11-29',NULL,NULL,'',11,2,2);
INSERT INTO schichtplan_schicht VALUES(127,'2025-11-29',NULL,NULL,'',12,2,1);
INSERT INTO schichtplan_schicht VALUES(128,'2025-11-29',NULL,NULL,'',14,2,1);
INSERT INTO schichtplan_schicht VALUES(129,'2025-11-30',NULL,NULL,'',3,2,2);
INSERT INTO schichtplan_schicht VALUES(130,'2025-11-30',NULL,NULL,'',11,2,2);
INSERT INTO schichtplan_schicht VALUES(131,'2025-11-30',NULL,NULL,'',14,2,1);
INSERT INTO schichtplan_schicht VALUES(132,'2025-11-30',NULL,NULL,'',18,2,1);
INSERT INTO schichtplan_schicht VALUES(133,'2025-10-01',NULL,NULL,'',7,3,2);
INSERT INTO schichtplan_schicht VALUES(134,'2025-10-01',NULL,NULL,'',16,3,1);
INSERT INTO schichtplan_schicht VALUES(135,'2025-10-01',NULL,NULL,'',17,3,1);
INSERT INTO schichtplan_schicht VALUES(136,'2025-10-01',NULL,NULL,'',18,3,2);
INSERT INTO schichtplan_schicht VALUES(137,'2025-10-02',NULL,NULL,'',7,3,2);
INSERT INTO schichtplan_schicht VALUES(138,'2025-10-02',NULL,NULL,'',11,3,1);
INSERT INTO schichtplan_schicht VALUES(139,'2025-10-02',NULL,NULL,'',12,3,1);
INSERT INTO schichtplan_schicht VALUES(140,'2025-10-02',NULL,NULL,'',18,3,2);
INSERT INTO schichtplan_schicht VALUES(141,'2025-10-03',NULL,NULL,'',7,3,2);
INSERT INTO schichtplan_schicht VALUES(142,'2025-10-03',NULL,NULL,'',9,3,1);
INSERT INTO schichtplan_schicht VALUES(143,'2025-10-03',NULL,NULL,'',14,3,1);
INSERT INTO schichtplan_schicht VALUES(144,'2025-10-03',NULL,NULL,'',18,3,2);
INSERT INTO schichtplan_schicht VALUES(145,'2025-10-04',NULL,NULL,'',9,3,1);
INSERT INTO schichtplan_schicht VALUES(146,'2025-10-04',NULL,NULL,'',10,3,2);
INSERT INTO schichtplan_schicht VALUES(147,'2025-10-04',NULL,NULL,'',13,3,2);
INSERT INTO schichtplan_schicht VALUES(148,'2025-10-04',NULL,NULL,'',14,3,1);
INSERT INTO schichtplan_schicht VALUES(149,'2025-10-05',NULL,NULL,'',10,3,2);
INSERT INTO schichtplan_schicht VALUES(150,'2025-10-05',NULL,NULL,'',12,3,1);
INSERT INTO schichtplan_schicht VALUES(151,'2025-10-05',NULL,NULL,'',13,3,2);
INSERT INTO schichtplan_schicht VALUES(152,'2025-10-05',NULL,NULL,'',14,3,1);
INSERT INTO schichtplan_schicht VALUES(153,'2025-10-06',NULL,NULL,'',3,3,1);
INSERT INTO schichtplan_schicht VALUES(154,'2025-10-06',NULL,NULL,'',19,3,1);
INSERT INTO schichtplan_schicht VALUES(155,'2025-10-06',NULL,NULL,'',11,3,1);
INSERT INTO schichtplan_schicht VALUES(156,'2025-10-06',NULL,NULL,'',14,3,2);
INSERT INTO schichtplan_schicht VALUES(157,'2025-10-06',NULL,NULL,'',18,3,2);
INSERT INTO schichtplan_schicht VALUES(158,'2025-10-07',NULL,NULL,'',3,3,2);
INSERT INTO schichtplan_schicht VALUES(159,'2025-10-07',NULL,NULL,'',10,3,1);
INSERT INTO schichtplan_schicht VALUES(160,'2025-10-07',NULL,NULL,'',11,3,1);
INSERT INTO schichtplan_schicht VALUES(161,'2025-10-07',NULL,NULL,'',12,3,2);
INSERT INTO schichtplan_schicht VALUES(162,'2025-10-07',NULL,NULL,'',13,3,1);
INSERT INTO schichtplan_schicht VALUES(163,'2025-10-08',NULL,NULL,'',7,3,1);
INSERT INTO schichtplan_schicht VALUES(164,'2025-10-08',NULL,NULL,'',9,3,1);
INSERT INTO schichtplan_schicht VALUES(165,'2025-10-08',NULL,NULL,'',19,3,1);
INSERT INTO schichtplan_schicht VALUES(166,'2025-10-08',NULL,NULL,'',12,3,2);
INSERT INTO schichtplan_schicht VALUES(167,'2025-10-08',NULL,NULL,'',13,3,2);
INSERT INTO schichtplan_schicht VALUES(168,'2025-10-09',NULL,NULL,'',6,3,1);
INSERT INTO schichtplan_schicht VALUES(169,'2025-10-09',NULL,NULL,'',7,3,1);
INSERT INTO schichtplan_schicht VALUES(170,'2025-10-09',NULL,NULL,'',9,3,2);
INSERT INTO schichtplan_schicht VALUES(171,'2025-10-09',NULL,NULL,'',10,3,1);
INSERT INTO schichtplan_schicht VALUES(172,'2025-10-09',NULL,NULL,'',13,3,2);
INSERT INTO schichtplan_schicht VALUES(173,'2025-10-10',NULL,NULL,'',3,3,1);
INSERT INTO schichtplan_schicht VALUES(174,'2025-10-10',NULL,NULL,'',19,3,2);
INSERT INTO schichtplan_schicht VALUES(175,'2025-10-10',NULL,NULL,'',10,3,2);
INSERT INTO schichtplan_schicht VALUES(176,'2025-10-10',NULL,NULL,'',18,3,1);
INSERT INTO schichtplan_schicht VALUES(177,'2025-10-11',NULL,NULL,'',3,3,1);
INSERT INTO schichtplan_schicht VALUES(178,'2025-10-11',NULL,NULL,'',19,3,2);
INSERT INTO schichtplan_schicht VALUES(179,'2025-10-11',NULL,NULL,'',10,3,2);
INSERT INTO schichtplan_schicht VALUES(180,'2025-10-11',NULL,NULL,'',16,3,1);
INSERT INTO schichtplan_schicht VALUES(181,'2025-10-12',NULL,NULL,'',3,3,1);
INSERT INTO schichtplan_schicht VALUES(182,'2025-10-12',NULL,NULL,'',14,3,1);
INSERT INTO schichtplan_schicht VALUES(183,'2025-10-12',NULL,NULL,'',16,3,2);
INSERT INTO schichtplan_schicht VALUES(184,'2025-10-12',NULL,NULL,'',17,3,2);
INSERT INTO schichtplan_schicht VALUES(185,'2025-10-13',NULL,NULL,'',10,3,1);
INSERT INTO schichtplan_schicht VALUES(186,'2025-10-13',NULL,NULL,'',12,3,1);
INSERT INTO schichtplan_schicht VALUES(187,'2025-10-13',NULL,NULL,'',14,3,1);
INSERT INTO schichtplan_schicht VALUES(188,'2025-10-13',NULL,NULL,'',16,3,2);
INSERT INTO schichtplan_schicht VALUES(189,'2025-10-13',NULL,NULL,'',17,3,2);
INSERT INTO schichtplan_schicht VALUES(190,'2025-10-14',NULL,NULL,'',9,3,1);
INSERT INTO schichtplan_schicht VALUES(191,'2025-10-14',NULL,NULL,'',3,3,2);
INSERT INTO schichtplan_schicht VALUES(192,'2025-10-14',NULL,NULL,'',19,3,1);
INSERT INTO schichtplan_schicht VALUES(193,'2025-10-14',NULL,NULL,'',12,3,1);
INSERT INTO schichtplan_schicht VALUES(194,'2025-10-14',NULL,NULL,'',14,3,2);
INSERT INTO schichtplan_schicht VALUES(195,'2025-10-15',NULL,NULL,'',6,3,1);
INSERT INTO schichtplan_schicht VALUES(196,'2025-10-15',NULL,NULL,'',7,3,1);
INSERT INTO schichtplan_schicht VALUES(197,'2025-10-15',NULL,NULL,'',10,3,1);
INSERT INTO schichtplan_schicht VALUES(198,'2025-10-15',NULL,NULL,'',12,3,2);
INSERT INTO schichtplan_schicht VALUES(199,'2025-10-15',NULL,NULL,'',17,3,2);
INSERT INTO schichtplan_schicht VALUES(200,'2025-10-16',NULL,NULL,'',7,3,2);
INSERT INTO schichtplan_schicht VALUES(201,'2025-10-16',NULL,NULL,'',9,3,1);
INSERT INTO schichtplan_schicht VALUES(202,'2025-10-16',NULL,NULL,'',19,3,1);
INSERT INTO schichtplan_schicht VALUES(203,'2025-10-16',NULL,NULL,'',16,3,1);
INSERT INTO schichtplan_schicht VALUES(204,'2025-10-16',NULL,NULL,'',17,3,2);
INSERT INTO schichtplan_schicht VALUES(205,'2025-10-17',NULL,NULL,'',7,3,2);
INSERT INTO schichtplan_schicht VALUES(206,'2025-10-17',NULL,NULL,'',3,3,1);
INSERT INTO schichtplan_schicht VALUES(207,'2025-10-17',NULL,NULL,'',19,3,2);
INSERT INTO schichtplan_schicht VALUES(208,'2025-10-17',NULL,NULL,'',16,3,1);
INSERT INTO schichtplan_schicht VALUES(209,'2025-10-18',NULL,NULL,'',9,3,1);
INSERT INTO schichtplan_schicht VALUES(210,'2025-10-18',NULL,NULL,'',3,3,2);
INSERT INTO schichtplan_schicht VALUES(211,'2025-10-18',NULL,NULL,'',19,3,2);
INSERT INTO schichtplan_schicht VALUES(212,'2025-10-18',NULL,NULL,'',14,3,1);
INSERT INTO schichtplan_schicht VALUES(213,'2025-10-19',NULL,NULL,'',9,3,1);
INSERT INTO schichtplan_schicht VALUES(214,'2025-10-19',NULL,NULL,'',3,3,2);
INSERT INTO schichtplan_schicht VALUES(215,'2025-10-19',NULL,NULL,'',12,3,2);
INSERT INTO schichtplan_schicht VALUES(216,'2025-10-19',NULL,NULL,'',14,3,1);
INSERT INTO schichtplan_schicht VALUES(217,'2025-10-20',NULL,NULL,'',3,3,2);
INSERT INTO schichtplan_schicht VALUES(218,'2025-10-20',NULL,NULL,'',11,3,1);
INSERT INTO schichtplan_schicht VALUES(219,'2025-10-20',NULL,NULL,'',12,3,2);
INSERT INTO schichtplan_schicht VALUES(220,'2025-10-20',NULL,NULL,'',14,3,1);
INSERT INTO schichtplan_schicht VALUES(221,'2025-10-21',NULL,NULL,'',7,3,1);
INSERT INTO schichtplan_schicht VALUES(222,'2025-10-21',NULL,NULL,'',19,3,1);
INSERT INTO schichtplan_schicht VALUES(223,'2025-10-21',NULL,NULL,'',11,3,1);
INSERT INTO schichtplan_schicht VALUES(224,'2025-10-21',NULL,NULL,'',12,3,2);
INSERT INTO schichtplan_schicht VALUES(225,'2025-10-21',NULL,NULL,'',18,3,2);
INSERT INTO schichtplan_schicht VALUES(226,'2025-10-22',NULL,NULL,'',6,3,1);
INSERT INTO schichtplan_schicht VALUES(227,'2025-10-22',NULL,NULL,'',7,3,1);
INSERT INTO schichtplan_schicht VALUES(228,'2025-10-22',NULL,NULL,'',9,3,2);
INSERT INTO schichtplan_schicht VALUES(229,'2025-10-22',NULL,NULL,'',18,3,2);
INSERT INTO schichtplan_schicht VALUES(230,'2025-10-23',NULL,NULL,'',9,3,2);
INSERT INTO schichtplan_schicht VALUES(231,'2025-10-23',NULL,NULL,'',3,3,1);
INSERT INTO schichtplan_schicht VALUES(232,'2025-10-23',NULL,NULL,'',19,3,1);
INSERT INTO schichtplan_schicht VALUES(233,'2025-10-23',NULL,NULL,'',14,3,1);
INSERT INTO schichtplan_schicht VALUES(234,'2025-10-23',NULL,NULL,'',18,3,2);
INSERT INTO schichtplan_schicht VALUES(235,'2025-10-24',NULL,NULL,'',7,3,2);
INSERT INTO schichtplan_schicht VALUES(236,'2025-10-24',NULL,NULL,'',3,3,1);
INSERT INTO schichtplan_schicht VALUES(237,'2025-10-24',NULL,NULL,'',11,3,2);
INSERT INTO schichtplan_schicht VALUES(238,'2025-10-24',NULL,NULL,'',14,3,1);
INSERT INTO schichtplan_schicht VALUES(239,'2025-10-25',NULL,NULL,'',7,3,2);
INSERT INTO schichtplan_schicht VALUES(240,'2025-10-25',NULL,NULL,'',11,3,2);
INSERT INTO schichtplan_schicht VALUES(241,'2025-10-25',NULL,NULL,'',12,3,1);
INSERT INTO schichtplan_schicht VALUES(242,'2025-10-25',NULL,NULL,'',18,3,1);
INSERT INTO schichtplan_schicht VALUES(243,'2025-10-26',NULL,NULL,'',7,3,2);
INSERT INTO schichtplan_schicht VALUES(244,'2025-10-26',NULL,NULL,'',9,3,1);
INSERT INTO schichtplan_schicht VALUES(245,'2025-10-26',NULL,NULL,'',11,3,2);
INSERT INTO schichtplan_schicht VALUES(246,'2025-10-26',NULL,NULL,'',18,3,1);
INSERT INTO schichtplan_schicht VALUES(247,'2025-10-27',NULL,NULL,'',9,3,2);
INSERT INTO schichtplan_schicht VALUES(248,'2025-10-27',NULL,NULL,'',19,3,1);
INSERT INTO schichtplan_schicht VALUES(249,'2025-10-27',NULL,NULL,'',13,3,1);
INSERT INTO schichtplan_schicht VALUES(250,'2025-10-27',NULL,NULL,'',16,3,2);
INSERT INTO schichtplan_schicht VALUES(251,'2025-10-27',NULL,NULL,'',17,3,1);
INSERT INTO schichtplan_schicht VALUES(252,'2025-10-28',NULL,NULL,'',10,3,1);
INSERT INTO schichtplan_schicht VALUES(253,'2025-10-28',NULL,NULL,'',12,3,1);
INSERT INTO schichtplan_schicht VALUES(254,'2025-10-28',NULL,NULL,'',14,3,2);
INSERT INTO schichtplan_schicht VALUES(255,'2025-10-28',NULL,NULL,'',16,3,2);
INSERT INTO schichtplan_schicht VALUES(256,'2025-10-28',NULL,NULL,'',17,3,1);
INSERT INTO schichtplan_schicht VALUES(257,'2025-10-29',NULL,NULL,'',6,3,1);
INSERT INTO schichtplan_schicht VALUES(258,'2025-10-29',NULL,NULL,'',3,3,2);
INSERT INTO schichtplan_schicht VALUES(259,'2025-10-29',NULL,NULL,'',19,3,1);
INSERT INTO schichtplan_schicht VALUES(260,'2025-10-29',NULL,NULL,'',13,3,1);
INSERT INTO schichtplan_schicht VALUES(261,'2025-10-29',NULL,NULL,'',14,3,2);
INSERT INTO schichtplan_schicht VALUES(262,'2025-10-30',NULL,NULL,'',3,3,2);
INSERT INTO schichtplan_schicht VALUES(263,'2025-10-30',NULL,NULL,'',10,3,1);
INSERT INTO schichtplan_schicht VALUES(264,'2025-10-30',NULL,NULL,'',11,3,1);
INSERT INTO schichtplan_schicht VALUES(265,'2025-10-30',NULL,NULL,'',12,3,2);
INSERT INTO schichtplan_schicht VALUES(266,'2025-10-30',NULL,NULL,'',17,3,1);
INSERT INTO schichtplan_schicht VALUES(267,'2025-10-31',NULL,NULL,'',7,3,1);
INSERT INTO schichtplan_schicht VALUES(268,'2025-10-31',NULL,NULL,'',10,3,2);
INSERT INTO schichtplan_schicht VALUES(269,'2025-10-31',NULL,NULL,'',11,3,2);
INSERT INTO schichtplan_schicht VALUES(270,'2025-10-31',NULL,NULL,'',18,3,1);
INSERT INTO schichtplan_schicht VALUES(414,'2026-01-01',NULL,NULL,'',9,5,2);
INSERT INTO schichtplan_schicht VALUES(415,'2026-01-01',NULL,NULL,'',3,5,1);
INSERT INTO schichtplan_schicht VALUES(416,'2026-01-01',NULL,NULL,'',11,5,2);
INSERT INTO schichtplan_schicht VALUES(417,'2026-01-01',NULL,NULL,'',14,5,1);
INSERT INTO schichtplan_schicht VALUES(418,'2026-01-02',NULL,NULL,'',3,5,1);
INSERT INTO schichtplan_schicht VALUES(419,'2026-01-02',NULL,NULL,'',19,5,1);
INSERT INTO schichtplan_schicht VALUES(420,'2026-01-02',NULL,NULL,'',11,5,2);
INSERT INTO schichtplan_schicht VALUES(421,'2026-01-02',NULL,NULL,'',14,5,1);
INSERT INTO schichtplan_schicht VALUES(422,'2026-01-02',NULL,NULL,'',18,5,2);
INSERT INTO schichtplan_schicht VALUES(423,'2026-01-03',NULL,NULL,'',7,5,1);
INSERT INTO schichtplan_schicht VALUES(424,'2026-01-03',NULL,NULL,'',9,5,1);
INSERT INTO schichtplan_schicht VALUES(425,'2026-01-03',NULL,NULL,'',16,5,2);
INSERT INTO schichtplan_schicht VALUES(426,'2026-01-03',NULL,NULL,'',18,5,2);
INSERT INTO schichtplan_schicht VALUES(427,'2026-01-04',NULL,NULL,'',7,5,1);
INSERT INTO schichtplan_schicht VALUES(428,'2026-01-04',NULL,NULL,'',9,5,1);
INSERT INTO schichtplan_schicht VALUES(429,'2026-01-04',NULL,NULL,'',16,5,2);
INSERT INTO schichtplan_schicht VALUES(430,'2026-01-04',NULL,NULL,'',18,5,2);
INSERT INTO schichtplan_schicht VALUES(431,'2026-01-05',NULL,NULL,'',7,5,2);
INSERT INTO schichtplan_schicht VALUES(432,'2026-01-05',NULL,NULL,'',19,5,1);
INSERT INTO schichtplan_schicht VALUES(433,'2026-01-05',NULL,NULL,'',11,5,1);
INSERT INTO schichtplan_schicht VALUES(434,'2026-01-05',NULL,NULL,'',12,5,1);
INSERT INTO schichtplan_schicht VALUES(435,'2026-01-05',NULL,NULL,'',16,5,2);
INSERT INTO schichtplan_schicht VALUES(436,'2026-01-06',NULL,NULL,'',7,5,2);
INSERT INTO schichtplan_schicht VALUES(437,'2026-01-06',NULL,NULL,'',9,5,1);
INSERT INTO schichtplan_schicht VALUES(438,'2026-01-06',NULL,NULL,'',10,5,1);
INSERT INTO schichtplan_schicht VALUES(439,'2026-01-06',NULL,NULL,'',11,5,1);
INSERT INTO schichtplan_schicht VALUES(440,'2026-01-06',NULL,NULL,'',12,5,2);
INSERT INTO schichtplan_schicht VALUES(441,'2026-01-07',NULL,NULL,'',6,5,1);
INSERT INTO schichtplan_schicht VALUES(442,'2026-01-07',NULL,NULL,'',9,5,2);
INSERT INTO schichtplan_schicht VALUES(443,'2026-01-07',NULL,NULL,'',19,5,1);
INSERT INTO schichtplan_schicht VALUES(444,'2026-01-07',NULL,NULL,'',12,5,2);
INSERT INTO schichtplan_schicht VALUES(445,'2026-01-07',NULL,NULL,'',17,5,1);
INSERT INTO schichtplan_schicht VALUES(446,'2026-01-08',NULL,NULL,'',9,5,2);
INSERT INTO schichtplan_schicht VALUES(447,'2026-01-08',NULL,NULL,'',3,5,1);
INSERT INTO schichtplan_schicht VALUES(448,'2026-01-08',NULL,NULL,'',10,5,1);
INSERT INTO schichtplan_schicht VALUES(449,'2026-01-08',NULL,NULL,'',16,5,1);
INSERT INTO schichtplan_schicht VALUES(450,'2026-01-08',NULL,NULL,'',17,5,2);
INSERT INTO schichtplan_schicht VALUES(451,'2026-01-09',NULL,NULL,'',3,5,1);
INSERT INTO schichtplan_schicht VALUES(452,'2026-01-09',NULL,NULL,'',19,5,1);
INSERT INTO schichtplan_schicht VALUES(453,'2026-01-09',NULL,NULL,'',10,5,2);
INSERT INTO schichtplan_schicht VALUES(454,'2026-01-09',NULL,NULL,'',11,5,2);
INSERT INTO schichtplan_schicht VALUES(455,'2026-01-09',NULL,NULL,'',18,5,1);
INSERT INTO schichtplan_schicht VALUES(456,'2026-01-10',NULL,NULL,'',3,5,2);
INSERT INTO schichtplan_schicht VALUES(457,'2026-01-10',NULL,NULL,'',10,5,2);
INSERT INTO schichtplan_schicht VALUES(458,'2026-01-10',NULL,NULL,'',12,5,1);
INSERT INTO schichtplan_schicht VALUES(459,'2026-01-10',NULL,NULL,'',18,5,1);
INSERT INTO schichtplan_schicht VALUES(460,'2026-01-11',NULL,NULL,'',11,5,2);
INSERT INTO schichtplan_schicht VALUES(461,'2026-01-11',NULL,NULL,'',12,5,1);
INSERT INTO schichtplan_schicht VALUES(462,'2026-01-11',NULL,NULL,'',16,5,2);
INSERT INTO schichtplan_schicht VALUES(463,'2026-01-11',NULL,NULL,'',18,5,1);
INSERT INTO schichtplan_schicht VALUES(464,'2026-01-12',NULL,NULL,'',7,5,1);
INSERT INTO schichtplan_schicht VALUES(465,'2026-01-12',NULL,NULL,'',9,5,1);
INSERT INTO schichtplan_schicht VALUES(466,'2026-01-12',NULL,NULL,'',19,5,1);
INSERT INTO schichtplan_schicht VALUES(467,'2026-01-12',NULL,NULL,'',11,5,2);
INSERT INTO schichtplan_schicht VALUES(468,'2026-01-12',NULL,NULL,'',16,5,2);
INSERT INTO schichtplan_schicht VALUES(469,'2026-01-13',NULL,NULL,'',9,5,1);
INSERT INTO schichtplan_schicht VALUES(470,'2026-01-13',NULL,NULL,'',10,5,1);
INSERT INTO schichtplan_schicht VALUES(471,'2026-01-13',NULL,NULL,'',12,5,2);
INSERT INTO schichtplan_schicht VALUES(472,'2026-01-13',NULL,NULL,'',13,5,2);
INSERT INTO schichtplan_schicht VALUES(473,'2026-01-13',NULL,NULL,'',18,5,1);
INSERT INTO schichtplan_schicht VALUES(474,'2026-01-14',NULL,NULL,'',6,5,1);
INSERT INTO schichtplan_schicht VALUES(475,'2026-01-14',NULL,NULL,'',19,5,1);
INSERT INTO schichtplan_schicht VALUES(476,'2026-01-14',NULL,NULL,'',12,5,2);
INSERT INTO schichtplan_schicht VALUES(477,'2026-01-14',NULL,NULL,'',13,5,2);
INSERT INTO schichtplan_schicht VALUES(478,'2026-01-14',NULL,NULL,'',17,5,1);
INSERT INTO schichtplan_schicht VALUES(479,'2026-01-15',NULL,NULL,'',7,5,1);
INSERT INTO schichtplan_schicht VALUES(480,'2026-01-15',NULL,NULL,'',3,5,2);
INSERT INTO schichtplan_schicht VALUES(481,'2026-01-15',NULL,NULL,'',10,5,1);
INSERT INTO schichtplan_schicht VALUES(482,'2026-01-15',NULL,NULL,'',11,5,1);
INSERT INTO schichtplan_schicht VALUES(483,'2026-01-15',NULL,NULL,'',18,5,2);
INSERT INTO schichtplan_schicht VALUES(484,'2026-01-16',NULL,NULL,'',7,5,1);
INSERT INTO schichtplan_schicht VALUES(485,'2026-01-16',NULL,NULL,'',3,5,2);
INSERT INTO schichtplan_schicht VALUES(486,'2026-01-16',NULL,NULL,'',19,5,1);
INSERT INTO schichtplan_schicht VALUES(487,'2026-01-16',NULL,NULL,'',16,5,1);
INSERT INTO schichtplan_schicht VALUES(488,'2026-01-16',NULL,NULL,'',17,5,2);
INSERT INTO schichtplan_schicht VALUES(489,'2026-01-17',NULL,NULL,'',7,5,2);
INSERT INTO schichtplan_schicht VALUES(490,'2026-01-17',NULL,NULL,'',13,5,1);
INSERT INTO schichtplan_schicht VALUES(491,'2026-01-17',NULL,NULL,'',16,5,1);
INSERT INTO schichtplan_schicht VALUES(492,'2026-01-17',NULL,NULL,'',17,5,2);
INSERT INTO schichtplan_schicht VALUES(493,'2026-01-18',NULL,NULL,'',9,5,1);
INSERT INTO schichtplan_schicht VALUES(494,'2026-01-18',NULL,NULL,'',12,5,2);
INSERT INTO schichtplan_schicht VALUES(495,'2026-01-18',NULL,NULL,'',13,5,1);
INSERT INTO schichtplan_schicht VALUES(496,'2026-01-18',NULL,NULL,'',17,5,2);
INSERT INTO schichtplan_schicht VALUES(497,'2026-01-19',NULL,NULL,'',9,5,1);
INSERT INTO schichtplan_schicht VALUES(498,'2026-01-19',NULL,NULL,'',3,5,2);
INSERT INTO schichtplan_schicht VALUES(499,'2026-01-19',NULL,NULL,'',19,5,1);
INSERT INTO schichtplan_schicht VALUES(500,'2026-01-19',NULL,NULL,'',14,5,1);
INSERT INTO schichtplan_schicht VALUES(501,'2026-01-19',NULL,NULL,'',18,5,2);
INSERT INTO schichtplan_schicht VALUES(502,'2026-01-20',NULL,NULL,'',9,5,2);
INSERT INTO schichtplan_schicht VALUES(503,'2026-01-20',NULL,NULL,'',10,5,1);
INSERT INTO schichtplan_schicht VALUES(504,'2026-01-20',NULL,NULL,'',11,5,1);
INSERT INTO schichtplan_schicht VALUES(505,'2026-01-20',NULL,NULL,'',14,5,1);
INSERT INTO schichtplan_schicht VALUES(506,'2026-01-20',NULL,NULL,'',18,5,2);
INSERT INTO schichtplan_schicht VALUES(507,'2026-01-21',NULL,NULL,'',6,5,1);
INSERT INTO schichtplan_schicht VALUES(508,'2026-01-21',NULL,NULL,'',19,5,1);
INSERT INTO schichtplan_schicht VALUES(509,'2026-01-21',NULL,NULL,'',11,5,1);
INSERT INTO schichtplan_schicht VALUES(510,'2026-01-21',NULL,NULL,'',13,5,2);
INSERT INTO schichtplan_schicht VALUES(511,'2026-01-21',NULL,NULL,'',17,5,2);
INSERT INTO schichtplan_schicht VALUES(512,'2026-01-22',NULL,NULL,'',7,5,1);
INSERT INTO schichtplan_schicht VALUES(513,'2026-01-22',NULL,NULL,'',10,5,1);
INSERT INTO schichtplan_schicht VALUES(514,'2026-01-22',NULL,NULL,'',13,5,2);
INSERT INTO schichtplan_schicht VALUES(515,'2026-01-22',NULL,NULL,'',16,5,1);
INSERT INTO schichtplan_schicht VALUES(516,'2026-01-22',NULL,NULL,'',17,5,2);
INSERT INTO schichtplan_schicht VALUES(517,'2026-01-23',NULL,NULL,'',7,5,2);
INSERT INTO schichtplan_schicht VALUES(518,'2026-01-23',NULL,NULL,'',3,5,1);
INSERT INTO schichtplan_schicht VALUES(519,'2026-01-23',NULL,NULL,'',19,5,1);
INSERT INTO schichtplan_schicht VALUES(520,'2026-01-23',NULL,NULL,'',11,5,2);
INSERT INTO schichtplan_schicht VALUES(521,'2026-01-23',NULL,NULL,'',14,5,1);
INSERT INTO schichtplan_schicht VALUES(522,'2026-01-24',NULL,NULL,'',3,5,2);
INSERT INTO schichtplan_schicht VALUES(523,'2026-01-24',NULL,NULL,'',10,5,2);
INSERT INTO schichtplan_schicht VALUES(524,'2026-01-24',NULL,NULL,'',12,5,1);
INSERT INTO schichtplan_schicht VALUES(525,'2026-01-24',NULL,NULL,'',14,5,1);
INSERT INTO schichtplan_schicht VALUES(526,'2026-01-25',NULL,NULL,'',7,5,2);
INSERT INTO schichtplan_schicht VALUES(527,'2026-01-25',NULL,NULL,'',3,5,2);
INSERT INTO schichtplan_schicht VALUES(528,'2026-01-25',NULL,NULL,'',12,5,1);
INSERT INTO schichtplan_schicht VALUES(529,'2026-01-25',NULL,NULL,'',14,5,1);
INSERT INTO schichtplan_schicht VALUES(530,'2026-01-26',NULL,NULL,'',19,5,1);
INSERT INTO schichtplan_schicht VALUES(531,'2026-01-26',NULL,NULL,'',11,5,2);
INSERT INTO schichtplan_schicht VALUES(532,'2026-01-26',NULL,NULL,'',16,5,2);
INSERT INTO schichtplan_schicht VALUES(533,'2026-01-26',NULL,NULL,'',17,5,1);
INSERT INTO schichtplan_schicht VALUES(534,'2026-01-26',NULL,NULL,'',18,5,1);
INSERT INTO schichtplan_schicht VALUES(535,'2026-01-27',NULL,NULL,'',10,5,1);
INSERT INTO schichtplan_schicht VALUES(536,'2026-01-27',NULL,NULL,'',13,5,1);
INSERT INTO schichtplan_schicht VALUES(537,'2026-01-27',NULL,NULL,'',16,5,2);
INSERT INTO schichtplan_schicht VALUES(538,'2026-01-27',NULL,NULL,'',17,5,2);
INSERT INTO schichtplan_schicht VALUES(539,'2026-01-27',NULL,NULL,'',18,5,1);
INSERT INTO schichtplan_schicht VALUES(540,'2026-01-28',NULL,NULL,'',6,5,1);
INSERT INTO schichtplan_schicht VALUES(541,'2026-01-28',NULL,NULL,'',9,5,2);
INSERT INTO schichtplan_schicht VALUES(542,'2026-01-28',NULL,NULL,'',19,5,1);
INSERT INTO schichtplan_schicht VALUES(543,'2026-01-28',NULL,NULL,'',14,5,1);
INSERT INTO schichtplan_schicht VALUES(544,'2026-01-28',NULL,NULL,'',18,5,2);
INSERT INTO schichtplan_schicht VALUES(545,'2026-01-29',NULL,NULL,'',7,5,2);
INSERT INTO schichtplan_schicht VALUES(546,'2026-01-29',NULL,NULL,'',3,5,1);
INSERT INTO schichtplan_schicht VALUES(547,'2026-01-29',NULL,NULL,'',10,5,1);
INSERT INTO schichtplan_schicht VALUES(548,'2026-01-29',NULL,NULL,'',11,5,1);
INSERT INTO schichtplan_schicht VALUES(549,'2026-01-29',NULL,NULL,'',14,5,2);
INSERT INTO schichtplan_schicht VALUES(550,'2026-01-30',NULL,NULL,'',19,5,1);
INSERT INTO schichtplan_schicht VALUES(551,'2026-01-30',NULL,NULL,'',10,5,2);
INSERT INTO schichtplan_schicht VALUES(552,'2026-01-30',NULL,NULL,'',12,5,1);
INSERT INTO schichtplan_schicht VALUES(553,'2026-01-30',NULL,NULL,'',14,5,2);
INSERT INTO schichtplan_schicht VALUES(554,'2026-01-30',NULL,NULL,'',16,5,1);
INSERT INTO schichtplan_schicht VALUES(555,'2026-01-31',NULL,NULL,'',9,5,2);
INSERT INTO schichtplan_schicht VALUES(556,'2026-01-31',NULL,NULL,'',10,5,2);
INSERT INTO schichtplan_schicht VALUES(557,'2026-01-31',NULL,NULL,'',13,5,1);
INSERT INTO schichtplan_schicht VALUES(558,'2026-01-31',NULL,NULL,'',17,5,1);
INSERT INTO schichtplan_schicht VALUES(559,'2026-02-01',NULL,NULL,'',9,1,2);
INSERT INTO schichtplan_schicht VALUES(560,'2026-02-01',NULL,NULL,'',13,1,1);
INSERT INTO schichtplan_schicht VALUES(561,'2026-02-01',NULL,NULL,'',14,1,2);
INSERT INTO schichtplan_schicht VALUES(562,'2026-02-01',NULL,NULL,'',17,1,1);
INSERT INTO schichtplan_schicht VALUES(563,'2026-02-02',NULL,NULL,'',7,1,2);
INSERT INTO schichtplan_schicht VALUES(564,'2026-02-02',NULL,NULL,'',10,1,1);
INSERT INTO schichtplan_schicht VALUES(565,'2026-02-02',NULL,NULL,'',11,1,1);
INSERT INTO schichtplan_schicht VALUES(566,'2026-02-02',NULL,NULL,'',12,1,2);
INSERT INTO schichtplan_schicht VALUES(567,'2026-02-02',NULL,NULL,'',18,1,1);
INSERT INTO schichtplan_schicht VALUES(568,'2026-02-03',NULL,NULL,'',3,1,2);
INSERT INTO schichtplan_schicht VALUES(569,'2026-02-03',NULL,NULL,'',19,1,1);
INSERT INTO schichtplan_schicht VALUES(570,'2026-02-03',NULL,NULL,'',11,1,1);
INSERT INTO schichtplan_schicht VALUES(571,'2026-02-03',NULL,NULL,'',17,1,1);
INSERT INTO schichtplan_schicht VALUES(572,'2026-02-03',NULL,NULL,'',18,1,2);
INSERT INTO schichtplan_schicht VALUES(573,'2026-02-04',NULL,NULL,'',3,1,2);
INSERT INTO schichtplan_schicht VALUES(574,'2026-02-04',NULL,NULL,'',10,1,1);
INSERT INTO schichtplan_schicht VALUES(575,'2026-02-04',NULL,NULL,'',13,1,1);
INSERT INTO schichtplan_schicht VALUES(576,'2026-02-04',NULL,NULL,'',14,1,1);
INSERT INTO schichtplan_schicht VALUES(577,'2026-02-04',NULL,NULL,'',17,1,2);
INSERT INTO schichtplan_schicht VALUES(578,'2026-02-05',NULL,NULL,'',9,1,2);
INSERT INTO schichtplan_schicht VALUES(579,'2026-02-05',NULL,NULL,'',19,1,1);
INSERT INTO schichtplan_schicht VALUES(580,'2026-02-05',NULL,NULL,'',12,1,1);
INSERT INTO schichtplan_schicht VALUES(581,'2026-02-05',NULL,NULL,'',13,1,1);
INSERT INTO schichtplan_schicht VALUES(582,'2026-02-05',NULL,NULL,'',16,1,2);
INSERT INTO schichtplan_schicht VALUES(583,'2026-02-06',NULL,NULL,'',7,1,1);
INSERT INTO schichtplan_schicht VALUES(584,'2026-02-06',NULL,NULL,'',9,1,2);
INSERT INTO schichtplan_schicht VALUES(585,'2026-02-06',NULL,NULL,'',19,1,1);
INSERT INTO schichtplan_schicht VALUES(586,'2026-02-06',NULL,NULL,'',12,1,1);
INSERT INTO schichtplan_schicht VALUES(587,'2026-02-06',NULL,NULL,'',18,1,2);
INSERT INTO schichtplan_schicht VALUES(588,'2026-02-07',NULL,NULL,'',7,1,1);
INSERT INTO schichtplan_schicht VALUES(589,'2026-02-07',NULL,NULL,'',10,1,2);
INSERT INTO schichtplan_schicht VALUES(590,'2026-02-07',NULL,NULL,'',12,1,1);
INSERT INTO schichtplan_schicht VALUES(591,'2026-02-07',NULL,NULL,'',18,1,2);
INSERT INTO schichtplan_schicht VALUES(592,'2026-02-08',NULL,NULL,'',3,1,1);
INSERT INTO schichtplan_schicht VALUES(593,'2026-02-08',NULL,NULL,'',10,1,2);
INSERT INTO schichtplan_schicht VALUES(594,'2026-02-08',NULL,NULL,'',11,1,1);
INSERT INTO schichtplan_schicht VALUES(595,'2026-02-08',NULL,NULL,'',16,1,2);
INSERT INTO schichtplan_schicht VALUES(596,'2026-02-09',NULL,NULL,'',7,1,2);
INSERT INTO schichtplan_schicht VALUES(597,'2026-02-09',NULL,NULL,'',19,1,1);
INSERT INTO schichtplan_schicht VALUES(598,'2026-02-09',NULL,NULL,'',11,1,1);
INSERT INTO schichtplan_schicht VALUES(599,'2026-02-09',NULL,NULL,'',16,1,2);
INSERT INTO schichtplan_schicht VALUES(600,'2026-02-09',NULL,NULL,'',17,1,1);
INSERT INTO schichtplan_schicht VALUES(601,'2026-02-10',NULL,NULL,'',7,1,2);
INSERT INTO schichtplan_schicht VALUES(602,'2026-02-10',NULL,NULL,'',10,1,1);
INSERT INTO schichtplan_schicht VALUES(603,'2026-02-10',NULL,NULL,'',14,1,1);
INSERT INTO schichtplan_schicht VALUES(604,'2026-02-10',NULL,NULL,'',17,1,1);
INSERT INTO schichtplan_schicht VALUES(605,'2026-02-10',NULL,NULL,'',18,1,2);
INSERT INTO schichtplan_schicht VALUES(606,'2026-02-11',NULL,NULL,'',6,1,1);
INSERT INTO schichtplan_schicht VALUES(607,'2026-02-11',NULL,NULL,'',7,1,2);
INSERT INTO schichtplan_schicht VALUES(608,'2026-02-11',NULL,NULL,'',9,1,1);
INSERT INTO schichtplan_schicht VALUES(609,'2026-02-11',NULL,NULL,'',19,1,1);
INSERT INTO schichtplan_schicht VALUES(610,'2026-02-11',NULL,NULL,'',18,1,2);
INSERT INTO schichtplan_schicht VALUES(611,'2026-02-12',NULL,NULL,'',3,1,1);
INSERT INTO schichtplan_schicht VALUES(612,'2026-02-12',NULL,NULL,'',11,1,2);
INSERT INTO schichtplan_schicht VALUES(613,'2026-02-12',NULL,NULL,'',13,1,2);
INSERT INTO schichtplan_schicht VALUES(614,'2026-02-12',NULL,NULL,'',14,1,1);
INSERT INTO schichtplan_schicht VALUES(615,'2026-02-13',NULL,NULL,'',3,1,1);
INSERT INTO schichtplan_schicht VALUES(616,'2026-02-13',NULL,NULL,'',19,1,1);
INSERT INTO schichtplan_schicht VALUES(617,'2026-02-13',NULL,NULL,'',11,1,2);
INSERT INTO schichtplan_schicht VALUES(618,'2026-02-13',NULL,NULL,'',12,1,1);
INSERT INTO schichtplan_schicht VALUES(619,'2026-02-13',NULL,NULL,'',13,1,2);
INSERT INTO schichtplan_schicht VALUES(620,'2026-02-14',NULL,NULL,'',7,1,1);
INSERT INTO schichtplan_schicht VALUES(621,'2026-02-14',NULL,NULL,'',9,1,1);
INSERT INTO schichtplan_schicht VALUES(622,'2026-02-14',NULL,NULL,'',11,1,2);
INSERT INTO schichtplan_schicht VALUES(623,'2026-02-14',NULL,NULL,'',12,1,2);
INSERT INTO schichtplan_schicht VALUES(624,'2026-02-15',NULL,NULL,'',7,1,1);
INSERT INTO schichtplan_schicht VALUES(625,'2026-02-15',NULL,NULL,'',9,1,1);
INSERT INTO schichtplan_schicht VALUES(626,'2026-02-15',NULL,NULL,'',12,1,2);
INSERT INTO schichtplan_schicht VALUES(627,'2026-02-15',NULL,NULL,'',16,1,2);
INSERT INTO schichtplan_schicht VALUES(628,'2026-02-16',NULL,NULL,'',9,1,1);
INSERT INTO schichtplan_schicht VALUES(629,'2026-02-16',NULL,NULL,'',3,1,1);
INSERT INTO schichtplan_schicht VALUES(630,'2026-02-16',NULL,NULL,'',14,1,2);
INSERT INTO schichtplan_schicht VALUES(631,'2026-02-16',NULL,NULL,'',16,1,2);
INSERT INTO schichtplan_schicht VALUES(632,'2026-02-17',NULL,NULL,'',3,1,1);
INSERT INTO schichtplan_schicht VALUES(633,'2026-02-17',NULL,NULL,'',19,1,1);
INSERT INTO schichtplan_schicht VALUES(634,'2026-02-17',NULL,NULL,'',13,1,2);
INSERT INTO schichtplan_schicht VALUES(635,'2026-02-17',NULL,NULL,'',14,1,2);
INSERT INTO schichtplan_schicht VALUES(636,'2026-02-17',NULL,NULL,'',17,1,1);
INSERT INTO schichtplan_schicht VALUES(637,'2026-02-18',NULL,NULL,'',6,1,1);
INSERT INTO schichtplan_schicht VALUES(638,'2026-02-18',NULL,NULL,'',9,1,2);
INSERT INTO schichtplan_schicht VALUES(639,'2026-02-18',NULL,NULL,'',13,1,2);
INSERT INTO schichtplan_schicht VALUES(640,'2026-02-18',NULL,NULL,'',17,1,1);
INSERT INTO schichtplan_schicht VALUES(641,'2026-02-19',NULL,NULL,'',7,1,1);
INSERT INTO schichtplan_schicht VALUES(642,'2026-02-19',NULL,NULL,'',9,1,2);
INSERT INTO schichtplan_schicht VALUES(643,'2026-02-19',NULL,NULL,'',19,1,1);
INSERT INTO schichtplan_schicht VALUES(644,'2026-02-19',NULL,NULL,'',12,1,2);
INSERT INTO schichtplan_schicht VALUES(645,'2026-02-19',NULL,NULL,'',16,1,1);
INSERT INTO schichtplan_schicht VALUES(646,'2026-02-20',NULL,NULL,'',7,1,1);
INSERT INTO schichtplan_schicht VALUES(647,'2026-02-20',NULL,NULL,'',3,1,2);
INSERT INTO schichtplan_schicht VALUES(648,'2026-02-20',NULL,NULL,'',19,1,1);
INSERT INTO schichtplan_schicht VALUES(649,'2026-02-20',NULL,NULL,'',10,1,2);
INSERT INTO schichtplan_schicht VALUES(650,'2026-02-20',NULL,NULL,'',14,1,1);
INSERT INTO schichtplan_schicht VALUES(651,'2026-02-21',NULL,NULL,'',10,1,2);
INSERT INTO schichtplan_schicht VALUES(652,'2026-02-21',NULL,NULL,'',13,1,1);
INSERT INTO schichtplan_schicht VALUES(653,'2026-02-21',NULL,NULL,'',14,1,2);
INSERT INTO schichtplan_schicht VALUES(654,'2026-02-21',NULL,NULL,'',18,1,1);
INSERT INTO schichtplan_schicht VALUES(655,'2026-02-22',NULL,NULL,'',13,1,1);
INSERT INTO schichtplan_schicht VALUES(656,'2026-02-22',NULL,NULL,'',14,1,2);
INSERT INTO schichtplan_schicht VALUES(657,'2026-02-22',NULL,NULL,'',17,1,2);
INSERT INTO schichtplan_schicht VALUES(658,'2026-02-22',NULL,NULL,'',18,1,1);
INSERT INTO schichtplan_schicht VALUES(659,'2026-02-23',NULL,NULL,'',3,1,2);
INSERT INTO schichtplan_schicht VALUES(660,'2026-02-23',NULL,NULL,'',19,1,1);
INSERT INTO schichtplan_schicht VALUES(661,'2026-02-23',NULL,NULL,'',11,1,1);
INSERT INTO schichtplan_schicht VALUES(662,'2026-02-23',NULL,NULL,'',16,1,1);
INSERT INTO schichtplan_schicht VALUES(663,'2026-02-23',NULL,NULL,'',17,1,2);
INSERT INTO schichtplan_schicht VALUES(664,'2026-02-24',NULL,NULL,'',9,1,1);
INSERT INTO schichtplan_schicht VALUES(665,'2026-02-24',NULL,NULL,'',3,1,2);
INSERT INTO schichtplan_schicht VALUES(666,'2026-02-24',NULL,NULL,'',10,1,1);
INSERT INTO schichtplan_schicht VALUES(667,'2026-02-24',NULL,NULL,'',13,1,1);
INSERT INTO schichtplan_schicht VALUES(668,'2026-02-24',NULL,NULL,'',17,1,2);
INSERT INTO schichtplan_schicht VALUES(669,'2026-02-25',NULL,NULL,'',6,1,1);
INSERT INTO schichtplan_schicht VALUES(670,'2026-02-25',NULL,NULL,'',19,1,1);
INSERT INTO schichtplan_schicht VALUES(671,'2026-02-25',NULL,NULL,'',11,1,2);
INSERT INTO schichtplan_schicht VALUES(672,'2026-02-25',NULL,NULL,'',13,1,2);
INSERT INTO schichtplan_schicht VALUES(673,'2026-02-25',NULL,NULL,'',14,1,1);
INSERT INTO schichtplan_schicht VALUES(674,'2026-02-26',NULL,NULL,'',7,1,2);
INSERT INTO schichtplan_schicht VALUES(675,'2026-02-26',NULL,NULL,'',9,1,1);
INSERT INTO schichtplan_schicht VALUES(676,'2026-02-26',NULL,NULL,'',10,1,1);
INSERT INTO schichtplan_schicht VALUES(677,'2026-02-26',NULL,NULL,'',11,1,2);
INSERT INTO schichtplan_schicht VALUES(678,'2026-02-26',NULL,NULL,'',18,1,1);
INSERT INTO schichtplan_schicht VALUES(679,'2026-02-27',NULL,NULL,'',19,1,1);
INSERT INTO schichtplan_schicht VALUES(680,'2026-02-27',NULL,NULL,'',11,1,2);
INSERT INTO schichtplan_schicht VALUES(681,'2026-02-27',NULL,NULL,'',14,1,1);
INSERT INTO schichtplan_schicht VALUES(682,'2026-02-27',NULL,NULL,'',16,1,1);
INSERT INTO schichtplan_schicht VALUES(683,'2026-02-27',NULL,NULL,'',17,1,2);
INSERT INTO schichtplan_schicht VALUES(684,'2025-12-01',NULL,NULL,'',9,6,1);
INSERT INTO schichtplan_schicht VALUES(685,'2025-12-01',NULL,NULL,'',3,6,2);
INSERT INTO schichtplan_schicht VALUES(686,'2025-12-01',NULL,NULL,'',19,6,1);
INSERT INTO schichtplan_schicht VALUES(687,'2025-12-01',NULL,NULL,'',14,6,2);
INSERT INTO schichtplan_schicht VALUES(688,'2025-12-01',NULL,NULL,'',18,6,1);
INSERT INTO schichtplan_schicht VALUES(689,'2025-12-02',NULL,NULL,'',6,6,1);
INSERT INTO schichtplan_schicht VALUES(690,'2025-12-02',NULL,NULL,'',9,6,1);
INSERT INTO schichtplan_schicht VALUES(691,'2025-12-02',NULL,NULL,'',10,6,1);
INSERT INTO schichtplan_schicht VALUES(692,'2025-12-02',NULL,NULL,'',14,6,2);
INSERT INTO schichtplan_schicht VALUES(693,'2025-12-02',NULL,NULL,'',17,6,2);
INSERT INTO schichtplan_schicht VALUES(694,'2025-12-03',NULL,NULL,'',19,6,1);
INSERT INTO schichtplan_schicht VALUES(695,'2025-12-03',NULL,NULL,'',11,6,1);
INSERT INTO schichtplan_schicht VALUES(696,'2025-12-03',NULL,NULL,'',13,6,1);
INSERT INTO schichtplan_schicht VALUES(697,'2025-12-03',NULL,NULL,'',17,6,2);
INSERT INTO schichtplan_schicht VALUES(698,'2025-12-03',NULL,NULL,'',18,6,2);
INSERT INTO schichtplan_schicht VALUES(699,'2025-12-04',NULL,NULL,'',7,6,2);
INSERT INTO schichtplan_schicht VALUES(700,'2025-12-04',NULL,NULL,'',10,6,1);
INSERT INTO schichtplan_schicht VALUES(701,'2025-12-04',NULL,NULL,'',11,6,1);
INSERT INTO schichtplan_schicht VALUES(702,'2025-12-04',NULL,NULL,'',13,6,1);
INSERT INTO schichtplan_schicht VALUES(703,'2025-12-04',NULL,NULL,'',17,6,2);
INSERT INTO schichtplan_schicht VALUES(704,'2025-12-05',NULL,NULL,'',7,6,2);
INSERT INTO schichtplan_schicht VALUES(705,'2025-12-05',NULL,NULL,'',3,6,1);
INSERT INTO schichtplan_schicht VALUES(706,'2025-12-05',NULL,NULL,'',19,6,1);
INSERT INTO schichtplan_schicht VALUES(707,'2025-12-05',NULL,NULL,'',12,6,2);
INSERT INTO schichtplan_schicht VALUES(708,'2025-12-05',NULL,NULL,'',16,6,1);
INSERT INTO schichtplan_schicht VALUES(709,'2025-12-06',NULL,NULL,'',7,6,2);
INSERT INTO schichtplan_schicht VALUES(710,'2025-12-06',NULL,NULL,'',12,6,2);
INSERT INTO schichtplan_schicht VALUES(711,'2025-12-06',NULL,NULL,'',16,6,1);
INSERT INTO schichtplan_schicht VALUES(712,'2025-12-06',NULL,NULL,'',17,6,1);
INSERT INTO schichtplan_schicht VALUES(713,'2025-12-07',NULL,NULL,'',9,6,1);
INSERT INTO schichtplan_schicht VALUES(714,'2025-12-07',NULL,NULL,'',13,6,1);
INSERT INTO schichtplan_schicht VALUES(715,'2025-12-07',NULL,NULL,'',16,6,2);
INSERT INTO schichtplan_schicht VALUES(716,'2025-12-07',NULL,NULL,'',17,6,2);
INSERT INTO schichtplan_schicht VALUES(717,'2025-12-08',NULL,NULL,'',7,6,2);
INSERT INTO schichtplan_schicht VALUES(718,'2025-12-08',NULL,NULL,'',19,6,1);
INSERT INTO schichtplan_schicht VALUES(719,'2025-12-08',NULL,NULL,'',11,6,1);
INSERT INTO schichtplan_schicht VALUES(720,'2025-12-08',NULL,NULL,'',12,6,2);
INSERT INTO schichtplan_schicht VALUES(721,'2025-12-08',NULL,NULL,'',13,6,1);
INSERT INTO schichtplan_schicht VALUES(722,'2025-12-09',NULL,NULL,'',10,6,1);
INSERT INTO schichtplan_schicht VALUES(723,'2025-12-09',NULL,NULL,'',11,6,2);
INSERT INTO schichtplan_schicht VALUES(724,'2025-12-09',NULL,NULL,'',13,6,2);
INSERT INTO schichtplan_schicht VALUES(725,'2025-12-09',NULL,NULL,'',16,6,1);
INSERT INTO schichtplan_schicht VALUES(726,'2025-12-09',NULL,NULL,'',17,6,1);
INSERT INTO schichtplan_schicht VALUES(727,'2025-12-10',NULL,NULL,'',9,6,2);
INSERT INTO schichtplan_schicht VALUES(728,'2025-12-10',NULL,NULL,'',11,6,2);
INSERT INTO schichtplan_schicht VALUES(729,'2025-12-10',NULL,NULL,'',14,6,1);
INSERT INTO schichtplan_schicht VALUES(730,'2025-12-10',NULL,NULL,'',18,6,1);
INSERT INTO schichtplan_schicht VALUES(731,'2025-12-11',NULL,NULL,'',9,6,2);
INSERT INTO schichtplan_schicht VALUES(732,'2025-12-11',NULL,NULL,'',3,6,1);
INSERT INTO schichtplan_schicht VALUES(733,'2025-12-11',NULL,NULL,'',10,6,1);
INSERT INTO schichtplan_schicht VALUES(734,'2025-12-11',NULL,NULL,'',14,6,1);
INSERT INTO schichtplan_schicht VALUES(735,'2025-12-11',NULL,NULL,'',18,6,2);
INSERT INTO schichtplan_schicht VALUES(736,'2025-12-12',NULL,NULL,'',9,6,2);
INSERT INTO schichtplan_schicht VALUES(737,'2025-12-12',NULL,NULL,'',19,6,1);
INSERT INTO schichtplan_schicht VALUES(738,'2025-12-12',NULL,NULL,'',12,6,1);
INSERT INTO schichtplan_schicht VALUES(739,'2025-12-12',NULL,NULL,'',13,6,1);
INSERT INTO schichtplan_schicht VALUES(740,'2025-12-12',NULL,NULL,'',18,6,2);
INSERT INTO schichtplan_schicht VALUES(741,'2025-12-13',NULL,NULL,'',7,6,1);
INSERT INTO schichtplan_schicht VALUES(742,'2025-12-13',NULL,NULL,'',3,6,1);
INSERT INTO schichtplan_schicht VALUES(743,'2025-12-13',NULL,NULL,'',10,6,2);
INSERT INTO schichtplan_schicht VALUES(744,'2025-12-13',NULL,NULL,'',18,6,2);
INSERT INTO schichtplan_schicht VALUES(745,'2025-12-14',NULL,NULL,'',7,6,1);
INSERT INTO schichtplan_schicht VALUES(746,'2025-12-14',NULL,NULL,'',3,6,1);
INSERT INTO schichtplan_schicht VALUES(747,'2025-12-14',NULL,NULL,'',10,6,2);
INSERT INTO schichtplan_schicht VALUES(748,'2025-12-14',NULL,NULL,'',11,6,2);
INSERT INTO schichtplan_schicht VALUES(749,'2025-12-15',NULL,NULL,'',7,6,1);
INSERT INTO schichtplan_schicht VALUES(750,'2025-12-15',NULL,NULL,'',3,6,2);
INSERT INTO schichtplan_schicht VALUES(751,'2025-12-15',NULL,NULL,'',19,6,1);
INSERT INTO schichtplan_schicht VALUES(752,'2025-12-15',NULL,NULL,'',11,6,2);
INSERT INTO schichtplan_schicht VALUES(753,'2025-12-15',NULL,NULL,'',14,6,2);
INSERT INTO schichtplan_schicht VALUES(754,'2025-12-15',NULL,NULL,'',17,6,1);
INSERT INTO schichtplan_schicht VALUES(755,'2025-12-16',NULL,NULL,'',7,6,2);
INSERT INTO schichtplan_schicht VALUES(756,'2025-12-16',NULL,NULL,'',10,6,1);
INSERT INTO schichtplan_schicht VALUES(757,'2025-12-16',NULL,NULL,'',14,6,2);
INSERT INTO schichtplan_schicht VALUES(758,'2025-12-16',NULL,NULL,'',16,6,1);
INSERT INTO schichtplan_schicht VALUES(759,'2025-12-16',NULL,NULL,'',17,6,1);
INSERT INTO schichtplan_schicht VALUES(760,'2025-12-17',NULL,NULL,'',6,6,1);
INSERT INTO schichtplan_schicht VALUES(761,'2025-12-17',NULL,NULL,'',19,6,1);
INSERT INTO schichtplan_schicht VALUES(762,'2025-12-17',NULL,NULL,'',17,6,2);
INSERT INTO schichtplan_schicht VALUES(763,'2025-12-17',NULL,NULL,'',18,6,1);
INSERT INTO schichtplan_schicht VALUES(764,'2025-12-18',NULL,NULL,'',9,6,2);
INSERT INTO schichtplan_schicht VALUES(765,'2025-12-18',NULL,NULL,'',10,6,1);
INSERT INTO schichtplan_schicht VALUES(766,'2025-12-18',NULL,NULL,'',16,6,1);
INSERT INTO schichtplan_schicht VALUES(767,'2025-12-18',NULL,NULL,'',17,6,2);
INSERT INTO schichtplan_schicht VALUES(768,'2025-12-18',NULL,NULL,'',18,6,1);
INSERT INTO schichtplan_schicht VALUES(769,'2025-12-19',NULL,NULL,'',9,6,2);
INSERT INTO schichtplan_schicht VALUES(770,'2025-12-19',NULL,NULL,'',19,6,1);
INSERT INTO schichtplan_schicht VALUES(771,'2025-12-19',NULL,NULL,'',11,6,1);
INSERT INTO schichtplan_schicht VALUES(772,'2025-12-19',NULL,NULL,'',13,6,2);
INSERT INTO schichtplan_schicht VALUES(773,'2025-12-19',NULL,NULL,'',16,6,1);
INSERT INTO schichtplan_schicht VALUES(774,'2025-12-20',NULL,NULL,'',3,6,2);
INSERT INTO schichtplan_schicht VALUES(775,'2025-12-20',NULL,NULL,'',11,6,1);
INSERT INTO schichtplan_schicht VALUES(776,'2025-12-20',NULL,NULL,'',13,6,2);
INSERT INTO schichtplan_schicht VALUES(777,'2025-12-20',NULL,NULL,'',14,6,1);
INSERT INTO schichtplan_schicht VALUES(778,'2025-12-21',NULL,NULL,'',13,6,2);
INSERT INTO schichtplan_schicht VALUES(779,'2025-12-21',NULL,NULL,'',14,6,1);
INSERT INTO schichtplan_schicht VALUES(780,'2025-12-21',NULL,NULL,'',16,6,2);
INSERT INTO schichtplan_schicht VALUES(781,'2025-12-21',NULL,NULL,'',18,6,1);
INSERT INTO schichtplan_schicht VALUES(782,'2025-12-22',NULL,NULL,'',7,6,2);
INSERT INTO schichtplan_schicht VALUES(783,'2025-12-22',NULL,NULL,'',3,6,2);
INSERT INTO schichtplan_schicht VALUES(784,'2025-12-22',NULL,NULL,'',10,6,1);
INSERT INTO schichtplan_schicht VALUES(785,'2025-12-22',NULL,NULL,'',14,6,1);
INSERT INTO schichtplan_schicht VALUES(786,'2025-12-22',NULL,NULL,'',18,6,1);
INSERT INTO schichtplan_schicht VALUES(787,'2025-12-23',NULL,NULL,'',19,6,1);
INSERT INTO schichtplan_schicht VALUES(788,'2025-12-23',NULL,NULL,'',10,6,2);
INSERT INTO schichtplan_schicht VALUES(789,'2025-12-23',NULL,NULL,'',12,6,1);
INSERT INTO schichtplan_schicht VALUES(790,'2025-12-23',NULL,NULL,'',13,6,2);
INSERT INTO schichtplan_schicht VALUES(791,'2025-12-23',NULL,NULL,'',18,6,1);
INSERT INTO schichtplan_schicht VALUES(792,'2025-12-24',NULL,NULL,'',9,6,1);
INSERT INTO schichtplan_schicht VALUES(793,'2025-12-24',NULL,NULL,'',10,6,2);
INSERT INTO schichtplan_schicht VALUES(794,'2025-12-24',NULL,NULL,'',12,6,1);
INSERT INTO schichtplan_schicht VALUES(795,'2025-12-24',NULL,NULL,'',13,6,2);
INSERT INTO schichtplan_schicht VALUES(796,'2025-12-25',NULL,NULL,'',7,6,1);
INSERT INTO schichtplan_schicht VALUES(797,'2025-12-25',NULL,NULL,'',9,6,1);
INSERT INTO schichtplan_schicht VALUES(798,'2025-12-25',NULL,NULL,'',3,6,2);
INSERT INTO schichtplan_schicht VALUES(799,'2025-12-25',NULL,NULL,'',18,6,2);
INSERT INTO schichtplan_schicht VALUES(800,'2025-12-26',NULL,NULL,'',7,6,1);
INSERT INTO schichtplan_schicht VALUES(801,'2025-12-26',NULL,NULL,'',9,6,1);
INSERT INTO schichtplan_schicht VALUES(802,'2025-12-26',NULL,NULL,'',3,6,2);
INSERT INTO schichtplan_schicht VALUES(803,'2025-12-26',NULL,NULL,'',18,6,2);
INSERT INTO schichtplan_schicht VALUES(804,'2025-12-27',NULL,NULL,'',9,6,1);
INSERT INTO schichtplan_schicht VALUES(805,'2025-12-27',NULL,NULL,'',10,6,2);
INSERT INTO schichtplan_schicht VALUES(806,'2025-12-27',NULL,NULL,'',11,6,1);
INSERT INTO schichtplan_schicht VALUES(807,'2025-12-27',NULL,NULL,'',14,6,2);
INSERT INTO schichtplan_schicht VALUES(808,'2025-12-28',NULL,NULL,'',10,6,2);
INSERT INTO schichtplan_schicht VALUES(809,'2025-12-28',NULL,NULL,'',11,6,1);
INSERT INTO schichtplan_schicht VALUES(810,'2025-12-28',NULL,NULL,'',14,6,2);
INSERT INTO schichtplan_schicht VALUES(811,'2025-12-28',NULL,NULL,'',16,6,1);
INSERT INTO schichtplan_schicht VALUES(812,'2025-12-29',NULL,NULL,'',7,6,1);
INSERT INTO schichtplan_schicht VALUES(813,'2025-12-29',NULL,NULL,'',3,6,1);
INSERT INTO schichtplan_schicht VALUES(814,'2025-12-29',NULL,NULL,'',12,6,2);
INSERT INTO schichtplan_schicht VALUES(815,'2025-12-29',NULL,NULL,'',16,6,2);
INSERT INTO schichtplan_schicht VALUES(816,'2025-12-30',NULL,NULL,'',7,6,1);
INSERT INTO schichtplan_schicht VALUES(817,'2025-12-30',NULL,NULL,'',3,6,1);
INSERT INTO schichtplan_schicht VALUES(818,'2025-12-30',NULL,NULL,'',19,6,1);
INSERT INTO schichtplan_schicht VALUES(819,'2025-12-30',NULL,NULL,'',12,6,2);
INSERT INTO schichtplan_schicht VALUES(820,'2025-12-30',NULL,NULL,'',16,6,2);
INSERT INTO schichtplan_schicht VALUES(821,'2025-12-31',NULL,NULL,'',9,6,1);
INSERT INTO schichtplan_schicht VALUES(822,'2025-12-31',NULL,NULL,'',11,6,2);
INSERT INTO schichtplan_schicht VALUES(823,'2025-12-31',NULL,NULL,'',14,6,1);
INSERT INTO schichtplan_schicht VALUES(824,'2025-12-31',NULL,NULL,'',16,6,2);
INSERT INTO schichtplan_schicht VALUES(2730,'2026-03-06',NULL,NULL,'',6,21,1);
INSERT INTO schichtplan_schicht VALUES(2731,'2026-03-09',NULL,NULL,'',6,21,1);
INSERT INTO schichtplan_schicht VALUES(2732,'2026-03-12',NULL,NULL,'',6,21,1);
INSERT INTO schichtplan_schicht VALUES(2733,'2026-03-16',NULL,NULL,'',6,21,1);
INSERT INTO schichtplan_schicht VALUES(2734,'2026-03-01',NULL,NULL,'',12,21,1);
INSERT INTO schichtplan_schicht VALUES(2735,'2026-03-06',NULL,NULL,'',12,21,1);
INSERT INTO schichtplan_schicht VALUES(2736,'2026-03-11',NULL,NULL,'',12,21,2);
INSERT INTO schichtplan_schicht VALUES(2737,'2026-03-14',NULL,NULL,'',12,21,2);
INSERT INTO schichtplan_schicht VALUES(2738,'2026-03-15',NULL,NULL,'',12,21,2);
INSERT INTO schichtplan_schicht VALUES(2739,'2026-03-21',NULL,NULL,'',12,21,2);
INSERT INTO schichtplan_schicht VALUES(2740,'2026-03-25',NULL,NULL,'',12,21,2);
INSERT INTO schichtplan_schicht VALUES(2741,'2026-03-28',NULL,NULL,'',12,21,2);
INSERT INTO schichtplan_schicht VALUES(2742,'2026-03-29',NULL,NULL,'',12,21,2);
INSERT INTO schichtplan_schicht VALUES(2743,'2026-03-04',NULL,NULL,'',9,21,1);
INSERT INTO schichtplan_schicht VALUES(2744,'2026-03-09',NULL,NULL,'',9,21,1);
INSERT INTO schichtplan_schicht VALUES(2745,'2026-03-11',NULL,NULL,'',9,21,1);
INSERT INTO schichtplan_schicht VALUES(2746,'2026-03-14',NULL,NULL,'',9,21,1);
INSERT INTO schichtplan_schicht VALUES(2747,'2026-03-15',NULL,NULL,'',9,21,1);
INSERT INTO schichtplan_schicht VALUES(2748,'2026-03-18',NULL,NULL,'',9,21,2);
INSERT INTO schichtplan_schicht VALUES(2749,'2026-03-23',NULL,NULL,'',9,21,1);
INSERT INTO schichtplan_schicht VALUES(2750,'2026-03-24',NULL,NULL,'',9,21,2);
INSERT INTO schichtplan_schicht VALUES(2751,'2026-03-26',NULL,NULL,'',9,21,1);
INSERT INTO schichtplan_schicht VALUES(2752,'2026-03-30',NULL,NULL,'',9,21,1);
INSERT INTO schichtplan_schicht VALUES(2753,'2026-03-31',NULL,NULL,'',9,21,1);
INSERT INTO schichtplan_schicht VALUES(2754,'2026-03-01',NULL,NULL,'',3,21,2);
INSERT INTO schichtplan_schicht VALUES(2755,'2026-03-03',NULL,NULL,'',3,21,2);
INSERT INTO schichtplan_schicht VALUES(2756,'2026-03-05',NULL,NULL,'',3,21,2);
INSERT INTO schichtplan_schicht VALUES(2757,'2026-03-08',NULL,NULL,'',3,21,2);
INSERT INTO schichtplan_schicht VALUES(2758,'2026-03-10',NULL,NULL,'',3,21,2);
INSERT INTO schichtplan_schicht VALUES(2759,'2026-03-13',NULL,NULL,'',3,21,2);
INSERT INTO schichtplan_schicht VALUES(2760,'2026-03-17',NULL,NULL,'',3,21,1);
INSERT INTO schichtplan_schicht VALUES(2761,'2026-03-20',NULL,NULL,'',3,21,1);
INSERT INTO schichtplan_schicht VALUES(2762,'2026-03-24',NULL,NULL,'',3,21,1);
INSERT INTO schichtplan_schicht VALUES(2763,'2026-03-28',NULL,NULL,'',3,21,1);
INSERT INTO schichtplan_schicht VALUES(2764,'2026-03-29',NULL,NULL,'',3,21,1);
INSERT INTO schichtplan_schicht VALUES(2765,'2026-03-31',NULL,NULL,'',3,21,1);
INSERT INTO schichtplan_schicht VALUES(2766,'2026-03-02',NULL,NULL,'',7,21,1);
INSERT INTO schichtplan_schicht VALUES(2767,'2026-03-05',NULL,NULL,'',7,21,1);
INSERT INTO schichtplan_schicht VALUES(2768,'2026-03-07',NULL,NULL,'',7,21,2);
INSERT INTO schichtplan_schicht VALUES(2769,'2026-03-11',NULL,NULL,'',7,21,2);
INSERT INTO schichtplan_schicht VALUES(2770,'2026-03-13',NULL,NULL,'',7,21,1);
INSERT INTO schichtplan_schicht VALUES(2771,'2026-03-17',NULL,NULL,'',7,21,2);
INSERT INTO schichtplan_schicht VALUES(2772,'2026-03-21',NULL,NULL,'',7,21,1);
INSERT INTO schichtplan_schicht VALUES(2773,'2026-03-22',NULL,NULL,'',7,21,1);
INSERT INTO schichtplan_schicht VALUES(2774,'2026-03-24',NULL,NULL,'',7,21,2);
INSERT INTO schichtplan_schicht VALUES(2775,'2026-03-28',NULL,NULL,'',7,21,2);
INSERT INTO schichtplan_schicht VALUES(2776,'2026-03-29',NULL,NULL,'',7,21,2);
INSERT INTO schichtplan_schicht VALUES(2777,'2026-03-31',NULL,NULL,'',7,21,2);
INSERT INTO schichtplan_schicht VALUES(2778,'2026-03-06',NULL,NULL,'',10,21,2);
INSERT INTO schichtplan_schicht VALUES(2779,'2026-03-14',NULL,NULL,'',10,21,1);
INSERT INTO schichtplan_schicht VALUES(2780,'2026-03-22',NULL,NULL,'',10,21,2);
INSERT INTO schichtplan_schicht VALUES(2781,'2026-03-28',NULL,NULL,'',10,21,1);
INSERT INTO schichtplan_schicht VALUES(2782,'2026-03-03',NULL,NULL,'',11,21,1);
INSERT INTO schichtplan_schicht VALUES(2783,'2026-03-04',NULL,NULL,'',11,21,1);
INSERT INTO schichtplan_schicht VALUES(2784,'2026-03-07',NULL,NULL,'',11,21,1);
INSERT INTO schichtplan_schicht VALUES(2785,'2026-03-08',NULL,NULL,'',11,21,1);
INSERT INTO schichtplan_schicht VALUES(2786,'2026-03-10',NULL,NULL,'',11,21,1);
INSERT INTO schichtplan_schicht VALUES(2787,'2026-03-12',NULL,NULL,'',11,21,2);
INSERT INTO schichtplan_schicht VALUES(2788,'2026-03-13',NULL,NULL,'',11,21,2);
INSERT INTO schichtplan_schicht VALUES(2789,'2026-03-16',NULL,NULL,'',11,21,2);
INSERT INTO schichtplan_schicht VALUES(2790,'2026-03-18',NULL,NULL,'',11,21,1);
INSERT INTO schichtplan_schicht VALUES(2791,'2026-03-19',NULL,NULL,'',11,21,1);
INSERT INTO schichtplan_schicht VALUES(2792,'2026-03-20',NULL,NULL,'',11,21,1);
INSERT INTO schichtplan_schicht VALUES(2793,'2026-03-26',NULL,NULL,'',11,21,2);
INSERT INTO schichtplan_schicht VALUES(2794,'2026-03-27',NULL,NULL,'',11,21,2);
INSERT INTO schichtplan_schicht VALUES(2795,'2026-03-30',NULL,NULL,'',11,21,2);
INSERT INTO schichtplan_schicht VALUES(2796,'2026-03-01',NULL,NULL,'',13,21,2);
INSERT INTO schichtplan_schicht VALUES(2797,'2026-03-02',NULL,NULL,'',13,21,2);
INSERT INTO schichtplan_schicht VALUES(2798,'2026-03-06',NULL,NULL,'',13,21,2);
INSERT INTO schichtplan_schicht VALUES(2799,'2026-03-07',NULL,NULL,'',13,21,2);
INSERT INTO schichtplan_schicht VALUES(2800,'2026-03-08',NULL,NULL,'',13,21,2);
INSERT INTO schichtplan_schicht VALUES(2801,'2026-03-10',NULL,NULL,'',13,21,1);
INSERT INTO schichtplan_schicht VALUES(2802,'2026-03-17',NULL,NULL,'',13,21,2);
INSERT INTO schichtplan_schicht VALUES(2803,'2026-03-19',NULL,NULL,'',13,21,2);
INSERT INTO schichtplan_schicht VALUES(2804,'2026-03-20',NULL,NULL,'',13,21,2);
INSERT INTO schichtplan_schicht VALUES(2805,'2026-03-24',NULL,NULL,'',13,21,1);
INSERT INTO schichtplan_schicht VALUES(2806,'2026-03-25',NULL,NULL,'',13,21,1);
INSERT INTO schichtplan_schicht VALUES(2807,'2026-03-27',NULL,NULL,'',13,21,2);
INSERT INTO schichtplan_schicht VALUES(2808,'2026-03-29',NULL,NULL,'',13,21,1);
INSERT INTO schichtplan_schicht VALUES(2809,'2026-03-03',NULL,NULL,'',14,21,1);
INSERT INTO schichtplan_schicht VALUES(2810,'2026-03-05',NULL,NULL,'',14,21,2);
INSERT INTO schichtplan_schicht VALUES(2811,'2026-03-12',NULL,NULL,'',14,21,2);
INSERT INTO schichtplan_schicht VALUES(2812,'2026-03-14',NULL,NULL,'',14,21,2);
INSERT INTO schichtplan_schicht VALUES(2813,'2026-03-15',NULL,NULL,'',14,21,2);
INSERT INTO schichtplan_schicht VALUES(2814,'2026-03-16',NULL,NULL,'',14,21,2);
INSERT INTO schichtplan_schicht VALUES(2815,'2026-03-19',NULL,NULL,'',14,21,2);
INSERT INTO schichtplan_schicht VALUES(2816,'2026-03-20',NULL,NULL,'',14,21,2);
INSERT INTO schichtplan_schicht VALUES(2817,'2026-03-23',NULL,NULL,'',14,21,1);
INSERT INTO schichtplan_schicht VALUES(2818,'2026-03-26',NULL,NULL,'',14,21,1);
INSERT INTO schichtplan_schicht VALUES(2819,'2026-03-27',NULL,NULL,'',14,21,1);
INSERT INTO schichtplan_schicht VALUES(2820,'2026-03-30',NULL,NULL,'',14,21,1);
INSERT INTO schichtplan_schicht VALUES(2821,'2026-03-31',NULL,NULL,'',14,21,2);
INSERT INTO schichtplan_schicht VALUES(2822,'2026-03-02',NULL,NULL,'',16,21,1);
INSERT INTO schichtplan_schicht VALUES(2823,'2026-03-04',NULL,NULL,'',16,21,2);
INSERT INTO schichtplan_schicht VALUES(2824,'2026-03-07',NULL,NULL,'',16,21,1);
INSERT INTO schichtplan_schicht VALUES(2825,'2026-03-09',NULL,NULL,'',16,21,2);
INSERT INTO schichtplan_schicht VALUES(2826,'2026-03-10',NULL,NULL,'',16,21,2);
INSERT INTO schichtplan_schicht VALUES(2827,'2026-03-12',NULL,NULL,'',16,21,1);
INSERT INTO schichtplan_schicht VALUES(2828,'2026-03-13',NULL,NULL,'',16,21,1);
INSERT INTO schichtplan_schicht VALUES(2829,'2026-03-15',NULL,NULL,'',16,21,1);
INSERT INTO schichtplan_schicht VALUES(2830,'2026-03-17',NULL,NULL,'',16,21,1);
INSERT INTO schichtplan_schicht VALUES(2831,'2026-03-23',NULL,NULL,'',16,21,2);
INSERT INTO schichtplan_schicht VALUES(2832,'2026-03-25',NULL,NULL,'',16,21,1);
INSERT INTO schichtplan_schicht VALUES(2833,'2026-03-26',NULL,NULL,'',16,21,2);
INSERT INTO schichtplan_schicht VALUES(2834,'2026-03-02',NULL,NULL,'',17,21,2);
INSERT INTO schichtplan_schicht VALUES(2835,'2026-03-04',NULL,NULL,'',17,21,2);
INSERT INTO schichtplan_schicht VALUES(2836,'2026-03-08',NULL,NULL,'',17,21,1);
INSERT INTO schichtplan_schicht VALUES(2837,'2026-03-09',NULL,NULL,'',17,21,2);
INSERT INTO schichtplan_schicht VALUES(2838,'2026-03-11',NULL,NULL,'',17,21,1);
INSERT INTO schichtplan_schicht VALUES(2839,'2026-03-16',NULL,NULL,'',17,21,1);
INSERT INTO schichtplan_schicht VALUES(2840,'2026-03-18',NULL,NULL,'',17,21,2);
INSERT INTO schichtplan_schicht VALUES(2841,'2026-03-21',NULL,NULL,'',17,21,2);
INSERT INTO schichtplan_schicht VALUES(2842,'2026-03-22',NULL,NULL,'',17,21,2);
INSERT INTO schichtplan_schicht VALUES(2843,'2026-03-23',NULL,NULL,'',17,21,2);
INSERT INTO schichtplan_schicht VALUES(2844,'2026-03-25',NULL,NULL,'',17,21,2);
INSERT INTO schichtplan_schicht VALUES(2845,'2026-03-27',NULL,NULL,'',17,21,1);
INSERT INTO schichtplan_schicht VALUES(2846,'2026-03-30',NULL,NULL,'',17,21,2);
INSERT INTO schichtplan_schicht VALUES(2847,'2026-03-01',NULL,NULL,'',18,21,1);
INSERT INTO schichtplan_schicht VALUES(2848,'2026-03-03',NULL,NULL,'',18,21,2);
INSERT INTO schichtplan_schicht VALUES(2849,'2026-03-05',NULL,NULL,'',18,21,1);
INSERT INTO schichtplan_schicht VALUES(2850,'2026-03-18',NULL,NULL,'',18,21,1);
INSERT INTO schichtplan_schicht VALUES(2851,'2026-03-19',NULL,NULL,'',18,21,1);
INSERT INTO schichtplan_schicht VALUES(2852,'2026-03-21',NULL,NULL,'',18,21,1);
INSERT INTO schichtplan_schicht VALUES(2853,'2026-03-22',NULL,NULL,'',18,21,1);
INSERT INTO schichtplan_schicht VALUES(2854,'2026-03-03',NULL,NULL,'Automatisch generiert (Zusatzdienst Di-Fr)',10,21,3);
INSERT INTO schichtplan_schicht VALUES(2855,'2026-03-04',NULL,NULL,'Automatisch generiert (Zusatzdienst Di-Fr)',10,21,3);
INSERT INTO schichtplan_schicht VALUES(2856,'2026-03-05',NULL,NULL,'Automatisch generiert (Zusatzdienst Di-Fr)',10,21,3);
INSERT INTO schichtplan_schicht VALUES(2857,'2026-03-06',NULL,NULL,'Automatisch generiert (Zusatzdienst Di-Fr)',18,21,3);
INSERT INTO schichtplan_schicht VALUES(2858,'2026-03-10',NULL,NULL,'Automatisch generiert (Zusatzdienst Di-Fr)',10,21,3);
INSERT INTO schichtplan_schicht VALUES(2859,'2026-03-11',NULL,NULL,'Automatisch generiert (Zusatzdienst Di-Fr)',18,21,3);
INSERT INTO schichtplan_schicht VALUES(2860,'2026-03-12',NULL,NULL,'Automatisch generiert (Zusatzdienst Di-Fr)',10,21,3);
INSERT INTO schichtplan_schicht VALUES(2861,'2026-03-13',NULL,NULL,'Automatisch generiert (Zusatzdienst Di-Fr)',12,21,3);
INSERT INTO schichtplan_schicht VALUES(2862,'2026-03-17',NULL,NULL,'Automatisch generiert (Zusatzdienst Di-Fr)',18,21,3);
INSERT INTO schichtplan_schicht VALUES(2863,'2026-03-18',NULL,NULL,'Automatisch generiert (Zusatzdienst Di-Fr)',10,21,3);
INSERT INTO schichtplan_schicht VALUES(2864,'2026-03-19',NULL,NULL,'Automatisch generiert (Zusatzdienst Di-Fr)',12,21,3);
INSERT INTO schichtplan_schicht VALUES(2865,'2026-03-20',NULL,NULL,'Automatisch generiert (Zusatzdienst Di-Fr)',18,21,3);
INSERT INTO schichtplan_schicht VALUES(2866,'2026-03-24',NULL,NULL,'Automatisch generiert (Zusatzdienst Di-Fr)',10,21,3);
INSERT INTO schichtplan_schicht VALUES(2867,'2026-03-25',NULL,NULL,'Automatisch generiert (Zusatzdienst Di-Fr)',9,21,3);
INSERT INTO schichtplan_schicht VALUES(2868,'2026-03-26',NULL,NULL,'Automatisch generiert (Zusatzdienst Di-Fr)',3,21,3);
INSERT INTO schichtplan_schicht VALUES(2869,'2026-03-27',NULL,NULL,'Automatisch generiert (Zusatzdienst Di-Fr)',12,21,3);
INSERT INTO schichtplan_schicht VALUES(2870,'2026-03-31',NULL,NULL,'Automatisch generiert (Zusatzdienst Di-Fr)',18,21,3);
INSERT INTO schichtplan_schicht VALUES(4829,'2026-02-04',NULL,NULL,'',6,36,1);
INSERT INTO schichtplan_schicht VALUES(4830,'2026-02-11',NULL,NULL,'',6,36,1);
INSERT INTO schichtplan_schicht VALUES(4831,'2026-02-18',NULL,NULL,'',6,36,1);
INSERT INTO schichtplan_schicht VALUES(4832,'2026-02-25',NULL,NULL,'',6,36,1);
INSERT INTO schichtplan_schicht VALUES(4833,'2026-02-10',NULL,NULL,'',12,36,1);
INSERT INTO schichtplan_schicht VALUES(4834,'2026-02-14',NULL,NULL,'',12,36,1);
INSERT INTO schichtplan_schicht VALUES(4835,'2026-02-15',NULL,NULL,'',12,36,1);
INSERT INTO schichtplan_schicht VALUES(4836,'2026-02-17',NULL,NULL,'',12,36,2);
INSERT INTO schichtplan_schicht VALUES(4837,'2026-02-19',NULL,NULL,'',12,36,2);
INSERT INTO schichtplan_schicht VALUES(4838,'2026-02-20',NULL,NULL,'',12,36,2);
INSERT INTO schichtplan_schicht VALUES(4839,'2026-02-23',NULL,NULL,'',12,36,2);
INSERT INTO schichtplan_schicht VALUES(4840,'2026-02-25',NULL,NULL,'',12,36,1);
INSERT INTO schichtplan_schicht VALUES(4841,'2026-02-26',NULL,NULL,'',12,36,2);
INSERT INTO schichtplan_schicht VALUES(4842,'2026-02-28',NULL,NULL,'',12,36,1);
INSERT INTO schichtplan_schicht VALUES(4843,'2026-02-01',NULL,NULL,'',9,36,1);
INSERT INTO schichtplan_schicht VALUES(4844,'2026-02-05',NULL,NULL,'',9,36,1);
INSERT INTO schichtplan_schicht VALUES(4845,'2026-02-15',NULL,NULL,'',9,36,1);
INSERT INTO schichtplan_schicht VALUES(4846,'2026-02-16',NULL,NULL,'',9,36,2);
INSERT INTO schichtplan_schicht VALUES(4847,'2026-02-18',NULL,NULL,'',9,36,2);
INSERT INTO schichtplan_schicht VALUES(4848,'2026-02-20',NULL,NULL,'',9,36,2);
INSERT INTO schichtplan_schicht VALUES(4849,'2026-02-21',NULL,NULL,'',9,36,2);
INSERT INTO schichtplan_schicht VALUES(4850,'2026-02-24',NULL,NULL,'',9,36,1);
INSERT INTO schichtplan_schicht VALUES(4851,'2026-02-26',NULL,NULL,'',9,36,1);
INSERT INTO schichtplan_schicht VALUES(4852,'2026-02-27',NULL,NULL,'',9,36,2);
INSERT INTO schichtplan_schicht VALUES(4853,'2026-02-01',NULL,NULL,'',3,36,2);
INSERT INTO schichtplan_schicht VALUES(4854,'2026-02-02',NULL,NULL,'',3,36,2);
INSERT INTO schichtplan_schicht VALUES(4855,'2026-02-03',NULL,NULL,'',3,36,2);
INSERT INTO schichtplan_schicht VALUES(4856,'2026-02-12',NULL,NULL,'',3,36,1);
INSERT INTO schichtplan_schicht VALUES(4857,'2026-02-13',NULL,NULL,'',3,36,2);
INSERT INTO schichtplan_schicht VALUES(4858,'2026-02-17',NULL,NULL,'',3,36,1);
INSERT INTO schichtplan_schicht VALUES(4859,'2026-02-19',NULL,NULL,'',3,36,1);
INSERT INTO schichtplan_schicht VALUES(4860,'2026-02-21',NULL,NULL,'',3,36,1);
INSERT INTO schichtplan_schicht VALUES(4861,'2026-02-22',NULL,NULL,'',3,36,1);
INSERT INTO schichtplan_schicht VALUES(4862,'2026-02-24',NULL,NULL,'',3,36,2);
INSERT INTO schichtplan_schicht VALUES(4863,'2026-02-01',NULL,NULL,'',7,36,1);
INSERT INTO schichtplan_schicht VALUES(4864,'2026-02-11',NULL,NULL,'',7,36,2);
INSERT INTO schichtplan_schicht VALUES(4865,'2026-02-13',NULL,NULL,'',7,36,1);
INSERT INTO schichtplan_schicht VALUES(4866,'2026-02-15',NULL,NULL,'',7,36,2);
INSERT INTO schichtplan_schicht VALUES(4867,'2026-02-17',NULL,NULL,'',7,36,1);
INSERT INTO schichtplan_schicht VALUES(4868,'2026-02-18',NULL,NULL,'',7,36,1);
INSERT INTO schichtplan_schicht VALUES(4869,'2026-02-19',NULL,NULL,'',7,36,1);
INSERT INTO schichtplan_schicht VALUES(4870,'2026-02-23',NULL,NULL,'',7,36,1);
INSERT INTO schichtplan_schicht VALUES(4871,'2026-02-24',NULL,NULL,'',7,36,2);
INSERT INTO schichtplan_schicht VALUES(4872,'2026-02-25',NULL,NULL,'',7,36,2);
INSERT INTO schichtplan_schicht VALUES(4873,'2026-02-28',NULL,NULL,'',7,36,2);
INSERT INTO schichtplan_schicht VALUES(4874,'2026-02-08',NULL,NULL,'',10,36,2);
INSERT INTO schichtplan_schicht VALUES(4875,'2026-02-22',NULL,NULL,'',10,36,2);
INSERT INTO schichtplan_schicht VALUES(4876,'2026-02-28',NULL,NULL,'',10,36,2);
INSERT INTO schichtplan_schicht VALUES(4877,'2026-02-04',NULL,NULL,'',11,36,1);
INSERT INTO schichtplan_schicht VALUES(4878,'2026-02-05',NULL,NULL,'',11,36,2);
INSERT INTO schichtplan_schicht VALUES(4879,'2026-02-06',NULL,NULL,'',11,36,2);
INSERT INTO schichtplan_schicht VALUES(4880,'2026-02-08',NULL,NULL,'',11,36,1);
INSERT INTO schichtplan_schicht VALUES(4881,'2026-02-11',NULL,NULL,'',11,36,1);
INSERT INTO schichtplan_schicht VALUES(4882,'2026-02-12',NULL,NULL,'',11,36,2);
INSERT INTO schichtplan_schicht VALUES(4883,'2026-02-14',NULL,NULL,'',11,36,2);
INSERT INTO schichtplan_schicht VALUES(4884,'2026-02-16',NULL,NULL,'',11,36,1);
INSERT INTO schichtplan_schicht VALUES(4885,'2026-02-17',NULL,NULL,'',11,36,2);
INSERT INTO schichtplan_schicht VALUES(4886,'2026-02-19',NULL,NULL,'',11,36,2);
INSERT INTO schichtplan_schicht VALUES(4887,'2026-02-21',NULL,NULL,'',11,36,1);
INSERT INTO schichtplan_schicht VALUES(4888,'2026-02-24',NULL,NULL,'',11,36,1);
INSERT INTO schichtplan_schicht VALUES(4889,'2026-02-08',NULL,NULL,'',13,36,1);
INSERT INTO schichtplan_schicht VALUES(4890,'2026-02-09',NULL,NULL,'',13,36,1);
INSERT INTO schichtplan_schicht VALUES(4891,'2026-02-13',NULL,NULL,'',13,36,2);
INSERT INTO schichtplan_schicht VALUES(4892,'2026-02-16',NULL,NULL,'',13,36,1);
INSERT INTO schichtplan_schicht VALUES(4893,'2026-02-18',NULL,NULL,'',13,36,2);
INSERT INTO schichtplan_schicht VALUES(4894,'2026-02-20',NULL,NULL,'',13,36,1);
INSERT INTO schichtplan_schicht VALUES(4895,'2026-02-22',NULL,NULL,'',13,36,2);
INSERT INTO schichtplan_schicht VALUES(4896,'2026-02-23',NULL,NULL,'',13,36,2);
INSERT INTO schichtplan_schicht VALUES(4897,'2026-02-26',NULL,NULL,'',13,36,2);
INSERT INTO schichtplan_schicht VALUES(4898,'2026-02-28',NULL,NULL,'',13,36,1);
INSERT INTO schichtplan_schicht VALUES(4899,'2026-02-02',NULL,NULL,'',14,36,1);
INSERT INTO schichtplan_schicht VALUES(4900,'2026-02-05',NULL,NULL,'',14,36,1);
INSERT INTO schichtplan_schicht VALUES(4901,'2026-02-06',NULL,NULL,'',14,36,2);
INSERT INTO schichtplan_schicht VALUES(4902,'2026-02-07',NULL,NULL,'',14,36,2);
INSERT INTO schichtplan_schicht VALUES(4903,'2026-02-09',NULL,NULL,'',14,36,1);
INSERT INTO schichtplan_schicht VALUES(4904,'2026-02-12',NULL,NULL,'',14,36,1);
INSERT INTO schichtplan_schicht VALUES(4905,'2026-02-13',NULL,NULL,'',14,36,1);
INSERT INTO schichtplan_schicht VALUES(4906,'2026-02-14',NULL,NULL,'',14,36,2);
INSERT INTO schichtplan_schicht VALUES(4907,'2026-02-16',NULL,NULL,'',14,36,2);
INSERT INTO schichtplan_schicht VALUES(4908,'2026-02-21',NULL,NULL,'',14,36,2);
INSERT INTO schichtplan_schicht VALUES(4909,'2026-02-27',NULL,NULL,'',14,36,2);
INSERT INTO schichtplan_schicht VALUES(4910,'2026-02-02',NULL,NULL,'',16,36,2);
INSERT INTO schichtplan_schicht VALUES(4911,'2026-02-03',NULL,NULL,'',16,36,2);
INSERT INTO schichtplan_schicht VALUES(4912,'2026-02-04',NULL,NULL,'',16,36,2);
INSERT INTO schichtplan_schicht VALUES(4913,'2026-02-06',NULL,NULL,'',16,36,1);
INSERT INTO schichtplan_schicht VALUES(4914,'2026-02-07',NULL,NULL,'',16,36,1);
INSERT INTO schichtplan_schicht VALUES(4915,'2026-02-09',NULL,NULL,'',16,36,2);
INSERT INTO schichtplan_schicht VALUES(4916,'2026-02-10',NULL,NULL,'',16,36,2);
INSERT INTO schichtplan_schicht VALUES(4917,'2026-02-14',NULL,NULL,'',16,36,1);
INSERT INTO schichtplan_schicht VALUES(4918,'2026-02-15',NULL,NULL,'',16,36,2);
INSERT INTO schichtplan_schicht VALUES(4919,'2026-02-20',NULL,NULL,'',16,36,1);
INSERT INTO schichtplan_schicht VALUES(4920,'2026-02-23',NULL,NULL,'',16,36,1);
INSERT INTO schichtplan_schicht VALUES(4921,'2026-02-02',NULL,NULL,'',17,36,1);
INSERT INTO schichtplan_schicht VALUES(4922,'2026-02-03',NULL,NULL,'',17,36,1);
INSERT INTO schichtplan_schicht VALUES(4923,'2026-02-06',NULL,NULL,'',17,36,1);
INSERT INTO schichtplan_schicht VALUES(4924,'2026-02-07',NULL,NULL,'',17,36,2);
INSERT INTO schichtplan_schicht VALUES(4925,'2026-02-08',NULL,NULL,'',17,36,2);
INSERT INTO schichtplan_schicht VALUES(4926,'2026-02-10',NULL,NULL,'',17,36,1);
INSERT INTO schichtplan_schicht VALUES(4927,'2026-02-11',NULL,NULL,'',17,36,2);
INSERT INTO schichtplan_schicht VALUES(4928,'2026-02-12',NULL,NULL,'',17,36,2);
INSERT INTO schichtplan_schicht VALUES(4929,'2026-02-25',NULL,NULL,'',17,36,2);
INSERT INTO schichtplan_schicht VALUES(4930,'2026-02-27',NULL,NULL,'',17,36,1);
INSERT INTO schichtplan_schicht VALUES(4931,'2026-02-01',NULL,NULL,'',18,36,2);
INSERT INTO schichtplan_schicht VALUES(4932,'2026-02-03',NULL,NULL,'',18,36,1);
INSERT INTO schichtplan_schicht VALUES(4933,'2026-02-04',NULL,NULL,'',18,36,2);
INSERT INTO schichtplan_schicht VALUES(4934,'2026-02-05',NULL,NULL,'',18,36,2);
INSERT INTO schichtplan_schicht VALUES(4935,'2026-02-07',NULL,NULL,'',18,36,1);
INSERT INTO schichtplan_schicht VALUES(4936,'2026-02-09',NULL,NULL,'',18,36,2);
INSERT INTO schichtplan_schicht VALUES(4937,'2026-02-10',NULL,NULL,'',18,36,2);
INSERT INTO schichtplan_schicht VALUES(4938,'2026-02-22',NULL,NULL,'',18,36,1);
INSERT INTO schichtplan_schicht VALUES(4939,'2026-02-26',NULL,NULL,'',18,36,1);
INSERT INTO schichtplan_schicht VALUES(4940,'2026-02-27',NULL,NULL,'',18,36,1);
INSERT INTO schichtplan_schicht VALUES(4941,'2026-02-03',NULL,NULL,'',19,36,3);
INSERT INTO schichtplan_schicht VALUES(4942,'2026-02-04',NULL,NULL,'',19,36,3);
INSERT INTO schichtplan_schicht VALUES(4943,'2026-02-05',NULL,NULL,'',19,36,3);
INSERT INTO schichtplan_schicht VALUES(4944,'2026-02-10',NULL,NULL,'',19,36,3);
INSERT INTO schichtplan_schicht VALUES(4945,'2026-02-11',NULL,NULL,'',19,36,3);
INSERT INTO schichtplan_schicht VALUES(4946,'2026-02-12',NULL,NULL,'',19,36,3);
INSERT INTO schichtplan_schicht VALUES(4947,'2026-02-17',NULL,NULL,'',19,36,3);
INSERT INTO schichtplan_schicht VALUES(4948,'2026-02-18',NULL,NULL,'',19,36,3);
INSERT INTO schichtplan_schicht VALUES(4949,'2026-02-19',NULL,NULL,'',19,36,3);
INSERT INTO schichtplan_schicht VALUES(4950,'2026-02-24',NULL,NULL,'',19,36,3);
INSERT INTO schichtplan_schicht VALUES(4951,'2026-02-25',NULL,NULL,'',19,36,3);
INSERT INTO schichtplan_schicht VALUES(4952,'2026-02-26',NULL,NULL,'',19,36,3);
INSERT INTO schichtplan_schicht VALUES(4953,'2026-02-03',NULL,NULL,'',12,36,3);
INSERT INTO schichtplan_schicht VALUES(4954,'2026-02-04',NULL,NULL,'',12,36,3);
INSERT INTO schichtplan_schicht VALUES(4955,'2026-02-05',NULL,NULL,'',12,36,3);
INSERT INTO schichtplan_schicht VALUES(4956,'2026-02-06',NULL,NULL,'',9,36,3);
INSERT INTO schichtplan_schicht VALUES(4957,'2026-02-10',NULL,NULL,'',9,36,3);
INSERT INTO schichtplan_schicht VALUES(4958,'2026-02-11',NULL,NULL,'',9,36,3);
INSERT INTO schichtplan_schicht VALUES(4959,'2026-02-06',NULL,NULL,'',3,36,3);
INSERT INTO schichtplan_schicht VALUES(4960,'2026-02-18',NULL,NULL,'',3,36,3);
INSERT INTO schichtplan_schicht VALUES(4961,'2026-02-26',NULL,NULL,'',3,36,3);
INSERT INTO schichtplan_schicht VALUES(4962,'2026-02-12',NULL,NULL,'',13,36,3);
INSERT INTO schichtplan_schicht VALUES(4963,'2026-02-17',NULL,NULL,'',13,36,3);
INSERT INTO schichtplan_schicht VALUES(4964,'2026-02-25',NULL,NULL,'',13,36,3);
INSERT INTO schichtplan_schicht VALUES(4965,'2026-02-19',NULL,NULL,'',17,36,3);
INSERT INTO schichtplan_schicht VALUES(4966,'2026-02-20',NULL,NULL,'',17,36,3);
INSERT INTO schichtplan_schicht VALUES(4967,'2026-02-24',NULL,NULL,'',17,36,3);
INSERT INTO schichtplan_schicht VALUES(4968,'2026-02-13',NULL,NULL,'',18,36,3);
INSERT INTO schichtplan_schicht VALUES(4969,'2026-02-20',NULL,NULL,'',18,36,3);
INSERT INTO schichtplan_schicht VALUES(4970,'2026-02-27',NULL,NULL,'',7,36,3);
INSERT INTO schichtplan_schicht VALUES(4971,'2026-02-13',NULL,NULL,'',16,36,3);
INSERT INTO schichtplan_schicht VALUES(4972,'2026-02-27',NULL,NULL,'',16,36,3);
INSERT INTO schichtplan_schicht VALUES(7250,'2026-04-08',NULL,NULL,'',6,52,1);
INSERT INTO schichtplan_schicht VALUES(7251,'2026-04-15',NULL,NULL,'',6,52,1);
INSERT INTO schichtplan_schicht VALUES(7252,'2026-04-22',NULL,NULL,'',6,52,1);
INSERT INTO schichtplan_schicht VALUES(7253,'2026-04-29',NULL,NULL,'',6,52,1);
INSERT INTO schichtplan_schicht VALUES(7254,'2026-04-03',NULL,NULL,'',12,52,2);
INSERT INTO schichtplan_schicht VALUES(7255,'2026-04-06',NULL,NULL,'',12,52,1);
INSERT INTO schichtplan_schicht VALUES(7256,'2026-04-12',NULL,NULL,'',12,52,2);
INSERT INTO schichtplan_schicht VALUES(7257,'2026-04-15',NULL,NULL,'',12,52,2);
INSERT INTO schichtplan_schicht VALUES(7258,'2026-04-16',NULL,NULL,'',12,52,2);
INSERT INTO schichtplan_schicht VALUES(7259,'2026-04-19',NULL,NULL,'',12,52,1);
INSERT INTO schichtplan_schicht VALUES(7260,'2026-04-21',NULL,NULL,'',12,52,1);
INSERT INTO schichtplan_schicht VALUES(7261,'2026-04-25',NULL,NULL,'',12,52,1);
INSERT INTO schichtplan_schicht VALUES(7262,'2026-04-26',NULL,NULL,'',12,52,1);
INSERT INTO schichtplan_schicht VALUES(7263,'2026-04-27',NULL,NULL,'',12,52,2);
INSERT INTO schichtplan_schicht VALUES(7264,'2026-04-30',NULL,NULL,'',12,52,1);
INSERT INTO schichtplan_schicht VALUES(7265,'2026-04-02',NULL,NULL,'',9,52,1);
INSERT INTO schichtplan_schicht VALUES(7266,'2026-04-03',NULL,NULL,'',9,52,2);
INSERT INTO schichtplan_schicht VALUES(7267,'2026-04-08',NULL,NULL,'',9,52,1);
INSERT INTO schichtplan_schicht VALUES(7268,'2026-04-09',NULL,NULL,'',9,52,1);
INSERT INTO schichtplan_schicht VALUES(7269,'2026-04-10',NULL,NULL,'',9,52,2);
INSERT INTO schichtplan_schicht VALUES(7270,'2026-04-14',NULL,NULL,'',9,52,1);
INSERT INTO schichtplan_schicht VALUES(7271,'2026-04-17',NULL,NULL,'',9,52,1);
INSERT INTO schichtplan_schicht VALUES(7272,'2026-04-20',NULL,NULL,'',9,52,2);
INSERT INTO schichtplan_schicht VALUES(7273,'2026-04-22',NULL,NULL,'',9,52,2);
INSERT INTO schichtplan_schicht VALUES(7274,'2026-04-23',NULL,NULL,'',9,52,2);
INSERT INTO schichtplan_schicht VALUES(7275,'2026-04-26',NULL,NULL,'',9,52,2);
INSERT INTO schichtplan_schicht VALUES(7276,'2026-04-01',NULL,NULL,'',3,52,1);
INSERT INTO schichtplan_schicht VALUES(7277,'2026-04-03',NULL,NULL,'',3,52,1);
INSERT INTO schichtplan_schicht VALUES(7278,'2026-04-06',NULL,NULL,'',3,52,2);
INSERT INTO schichtplan_schicht VALUES(7279,'2026-04-09',NULL,NULL,'',3,52,1);
INSERT INTO schichtplan_schicht VALUES(7280,'2026-04-11',NULL,NULL,'',3,52,1);
INSERT INTO schichtplan_schicht VALUES(7281,'2026-04-12',NULL,NULL,'',3,52,1);
INSERT INTO schichtplan_schicht VALUES(7282,'2026-04-14',NULL,NULL,'',3,52,1);
INSERT INTO schichtplan_schicht VALUES(7283,'2026-04-22',NULL,NULL,'',3,52,2);
INSERT INTO schichtplan_schicht VALUES(7284,'2026-04-23',NULL,NULL,'',3,52,2);
INSERT INTO schichtplan_schicht VALUES(7285,'2026-04-25',NULL,NULL,'',3,52,2);
INSERT INTO schichtplan_schicht VALUES(7286,'2026-04-26',NULL,NULL,'',3,52,2);
INSERT INTO schichtplan_schicht VALUES(7287,'2026-04-29',NULL,NULL,'',3,52,2);
INSERT INTO schichtplan_schicht VALUES(7288,'2026-04-07',NULL,NULL,'',7,52,2);
INSERT INTO schichtplan_schicht VALUES(7289,'2026-04-10',NULL,NULL,'',7,52,1);
INSERT INTO schichtplan_schicht VALUES(7290,'2026-04-12',NULL,NULL,'',7,52,2);
INSERT INTO schichtplan_schicht VALUES(7291,'2026-04-15',NULL,NULL,'',7,52,2);
INSERT INTO schichtplan_schicht VALUES(7292,'2026-04-18',NULL,NULL,'',7,52,1);
INSERT INTO schichtplan_schicht VALUES(7293,'2026-04-21',NULL,NULL,'',7,52,2);
INSERT INTO schichtplan_schicht VALUES(7294,'2026-04-23',NULL,NULL,'',7,52,1);
INSERT INTO schichtplan_schicht VALUES(7295,'2026-04-25',NULL,NULL,'',7,52,1);
INSERT INTO schichtplan_schicht VALUES(7296,'2026-04-27',NULL,NULL,'',7,52,1);
INSERT INTO schichtplan_schicht VALUES(7297,'2026-04-28',NULL,NULL,'',7,52,2);
INSERT INTO schichtplan_schicht VALUES(7298,'2026-04-04',NULL,NULL,'',10,52,2);
INSERT INTO schichtplan_schicht VALUES(7299,'2026-04-05',NULL,NULL,'',10,52,2);
INSERT INTO schichtplan_schicht VALUES(7300,'2026-04-18',NULL,NULL,'',10,52,2);
INSERT INTO schichtplan_schicht VALUES(7301,'2026-04-19',NULL,NULL,'',10,52,2);
INSERT INTO schichtplan_schicht VALUES(7302,'2026-04-05',NULL,NULL,'',11,52,2);
INSERT INTO schichtplan_schicht VALUES(7303,'2026-04-07',NULL,NULL,'',11,52,2);
INSERT INTO schichtplan_schicht VALUES(7304,'2026-04-08',NULL,NULL,'',11,52,2);
INSERT INTO schichtplan_schicht VALUES(7305,'2026-04-09',NULL,NULL,'',11,52,2);
INSERT INTO schichtplan_schicht VALUES(7306,'2026-04-11',NULL,NULL,'',11,52,1);
INSERT INTO schichtplan_schicht VALUES(7307,'2026-04-13',NULL,NULL,'',11,52,1);
INSERT INTO schichtplan_schicht VALUES(7308,'2026-04-16',NULL,NULL,'',11,52,1);
INSERT INTO schichtplan_schicht VALUES(7309,'2026-04-17',NULL,NULL,'',11,52,2);
INSERT INTO schichtplan_schicht VALUES(7310,'2026-04-18',NULL,NULL,'',11,52,2);
INSERT INTO schichtplan_schicht VALUES(7311,'2026-04-20',NULL,NULL,'',11,52,1);
INSERT INTO schichtplan_schicht VALUES(7312,'2026-04-24',NULL,NULL,'',11,52,1);
INSERT INTO schichtplan_schicht VALUES(7313,'2026-04-27',NULL,NULL,'',11,52,1);
INSERT INTO schichtplan_schicht VALUES(7314,'2026-04-01',NULL,NULL,'',13,52,2);
INSERT INTO schichtplan_schicht VALUES(7315,'2026-04-02',NULL,NULL,'',13,52,2);
INSERT INTO schichtplan_schicht VALUES(7316,'2026-04-04',NULL,NULL,'',13,52,1);
INSERT INTO schichtplan_schicht VALUES(7317,'2026-04-05',NULL,NULL,'',13,52,1);
INSERT INTO schichtplan_schicht VALUES(7318,'2026-04-06',NULL,NULL,'',13,52,2);
INSERT INTO schichtplan_schicht VALUES(7319,'2026-04-12',NULL,NULL,'',13,52,1);
INSERT INTO schichtplan_schicht VALUES(7320,'2026-04-13',NULL,NULL,'',13,52,1);
INSERT INTO schichtplan_schicht VALUES(7321,'2026-04-21',NULL,NULL,'',13,52,2);
INSERT INTO schichtplan_schicht VALUES(7322,'2026-04-24',NULL,NULL,'',13,52,2);
INSERT INTO schichtplan_schicht VALUES(7323,'2026-04-28',NULL,NULL,'',13,52,1);
INSERT INTO schichtplan_schicht VALUES(7324,'2026-04-30',NULL,NULL,'',13,52,1);
INSERT INTO schichtplan_schicht VALUES(7325,'2026-04-02',NULL,NULL,'',14,52,2);
INSERT INTO schichtplan_schicht VALUES(7326,'2026-04-04',NULL,NULL,'',14,52,1);
INSERT INTO schichtplan_schicht VALUES(7327,'2026-04-05',NULL,NULL,'',14,52,1);
INSERT INTO schichtplan_schicht VALUES(7328,'2026-04-11',NULL,NULL,'',14,52,2);
INSERT INTO schichtplan_schicht VALUES(7329,'2026-04-13',NULL,NULL,'',14,52,2);
INSERT INTO schichtplan_schicht VALUES(7330,'2026-04-14',NULL,NULL,'',14,52,2);
INSERT INTO schichtplan_schicht VALUES(7331,'2026-04-17',NULL,NULL,'',14,52,2);
INSERT INTO schichtplan_schicht VALUES(7332,'2026-04-20',NULL,NULL,'',14,52,1);
INSERT INTO schichtplan_schicht VALUES(7333,'2026-04-21',NULL,NULL,'',14,52,1);
INSERT INTO schichtplan_schicht VALUES(7334,'2026-04-26',NULL,NULL,'',14,52,1);
INSERT INTO schichtplan_schicht VALUES(7335,'2026-04-28',NULL,NULL,'',14,52,2);
INSERT INTO schichtplan_schicht VALUES(7336,'2026-04-02',NULL,NULL,'',16,52,1);
INSERT INTO schichtplan_schicht VALUES(7337,'2026-04-06',NULL,NULL,'',16,52,1);
INSERT INTO schichtplan_schicht VALUES(7338,'2026-04-07',NULL,NULL,'',16,52,1);
INSERT INTO schichtplan_schicht VALUES(7339,'2026-04-09',NULL,NULL,'',16,52,2);
INSERT INTO schichtplan_schicht VALUES(7340,'2026-04-10',NULL,NULL,'',16,52,2);
INSERT INTO schichtplan_schicht VALUES(7341,'2026-04-11',NULL,NULL,'',16,52,2);
INSERT INTO schichtplan_schicht VALUES(7342,'2026-04-13',NULL,NULL,'',16,52,2);
INSERT INTO schichtplan_schicht VALUES(7343,'2026-04-16',NULL,NULL,'',16,52,1);
INSERT INTO schichtplan_schicht VALUES(7344,'2026-04-17',NULL,NULL,'',16,52,1);
INSERT INTO schichtplan_schicht VALUES(7345,'2026-04-19',NULL,NULL,'',16,52,2);
INSERT INTO schichtplan_schicht VALUES(7346,'2026-04-28',NULL,NULL,'',16,52,1);
INSERT INTO schichtplan_schicht VALUES(7347,'2026-04-01',NULL,NULL,'',17,52,1);
INSERT INTO schichtplan_schicht VALUES(7348,'2026-04-03',NULL,NULL,'',17,52,1);
INSERT INTO schichtplan_schicht VALUES(7349,'2026-04-04',NULL,NULL,'',17,52,2);
INSERT INTO schichtplan_schicht VALUES(7350,'2026-04-08',NULL,NULL,'',17,52,2);
INSERT INTO schichtplan_schicht VALUES(7351,'2026-04-14',NULL,NULL,'',17,52,2);
INSERT INTO schichtplan_schicht VALUES(7352,'2026-04-18',NULL,NULL,'',17,52,1);
INSERT INTO schichtplan_schicht VALUES(7353,'2026-04-20',NULL,NULL,'',17,52,2);
INSERT INTO schichtplan_schicht VALUES(7354,'2026-04-22',NULL,NULL,'',17,52,1);
INSERT INTO schichtplan_schicht VALUES(7355,'2026-04-24',NULL,NULL,'',17,52,1);
INSERT INTO schichtplan_schicht VALUES(7356,'2026-04-27',NULL,NULL,'',17,52,2);
INSERT INTO schichtplan_schicht VALUES(7357,'2026-04-29',NULL,NULL,'',17,52,1);
INSERT INTO schichtplan_schicht VALUES(7358,'2026-04-30',NULL,NULL,'',17,52,2);
INSERT INTO schichtplan_schicht VALUES(7359,'2026-04-01',NULL,NULL,'',18,52,2);
INSERT INTO schichtplan_schicht VALUES(7360,'2026-04-07',NULL,NULL,'',18,52,1);
INSERT INTO schichtplan_schicht VALUES(7361,'2026-04-10',NULL,NULL,'',18,52,1);
INSERT INTO schichtplan_schicht VALUES(7362,'2026-04-15',NULL,NULL,'',18,52,1);
INSERT INTO schichtplan_schicht VALUES(7363,'2026-04-16',NULL,NULL,'',18,52,2);
INSERT INTO schichtplan_schicht VALUES(7364,'2026-04-19',NULL,NULL,'',18,52,1);
INSERT INTO schichtplan_schicht VALUES(7365,'2026-04-23',NULL,NULL,'',18,52,1);
INSERT INTO schichtplan_schicht VALUES(7366,'2026-04-24',NULL,NULL,'',18,52,2);
INSERT INTO schichtplan_schicht VALUES(7367,'2026-04-25',NULL,NULL,'',18,52,2);
INSERT INTO schichtplan_schicht VALUES(7368,'2026-04-29',NULL,NULL,'',18,52,2);
INSERT INTO schichtplan_schicht VALUES(7369,'2026-04-30',NULL,NULL,'',18,52,2);
INSERT INTO schichtplan_schicht VALUES(7370,'2026-04-01',NULL,NULL,'',19,52,3);
INSERT INTO schichtplan_schicht VALUES(7371,'2026-04-02',NULL,NULL,'',19,52,3);
INSERT INTO schichtplan_schicht VALUES(7372,'2026-04-03',NULL,NULL,'',19,52,3);
INSERT INTO schichtplan_schicht VALUES(7373,'2026-04-06',NULL,NULL,'',19,52,3);
INSERT INTO schichtplan_schicht VALUES(7374,'2026-04-07',NULL,NULL,'',19,52,3);
INSERT INTO schichtplan_schicht VALUES(7375,'2026-04-08',NULL,NULL,'',19,52,3);
INSERT INTO schichtplan_schicht VALUES(7376,'2026-04-10',NULL,NULL,'',19,52,3);
INSERT INTO schichtplan_schicht VALUES(7377,'2026-04-13',NULL,NULL,'',19,52,3);
INSERT INTO schichtplan_schicht VALUES(7378,'2026-04-14',NULL,NULL,'',19,52,3);
INSERT INTO schichtplan_schicht VALUES(7379,'2026-04-15',NULL,NULL,'',19,52,3);
INSERT INTO schichtplan_schicht VALUES(7380,'2026-04-17',NULL,NULL,'',19,52,3);
INSERT INTO schichtplan_schicht VALUES(7381,'2026-04-20',NULL,NULL,'',19,52,3);
INSERT INTO schichtplan_schicht VALUES(7382,'2026-04-21',NULL,NULL,'',19,52,3);
INSERT INTO schichtplan_schicht VALUES(7383,'2026-04-01',NULL,NULL,'',7,52,3);
INSERT INTO schichtplan_schicht VALUES(7384,'2026-04-02',NULL,NULL,'',7,52,3);
INSERT INTO schichtplan_schicht VALUES(7385,'2026-04-03',NULL,NULL,'',7,52,3);
INSERT INTO schichtplan_schicht VALUES(7386,'2026-04-07',NULL,NULL,'',12,52,3);
INSERT INTO schichtplan_schicht VALUES(7388,'2026-04-06',NULL,NULL,'',9,52,3);
INSERT INTO schichtplan_schicht VALUES(7389,'2026-04-13',NULL,NULL,'',9,52,3);
INSERT INTO schichtplan_schicht VALUES(7390,'2026-04-09',NULL,NULL,'',13,52,3);
INSERT INTO schichtplan_schicht VALUES(7392,'2026-04-09',NULL,NULL,'',14,52,3);
INSERT INTO schichtplan_schicht VALUES(7393,'2026-04-16',NULL,NULL,'',14,52,3);
INSERT INTO schichtplan_schicht VALUES(7394,'2026-04-15',NULL,NULL,'',16,52,3);
INSERT INTO schichtplan_schicht VALUES(7395,'2026-04-21',NULL,NULL,'',16,52,3);
INSERT INTO schichtplan_schicht VALUES(7396,'2026-04-14',NULL,NULL,'',18,52,3);
INSERT INTO schichtplan_schicht VALUES(7397,'2026-04-20',NULL,NULL,'',18,52,3);
INSERT INTO schichtplan_schicht VALUES(7398,'2026-04-16',NULL,NULL,'',3,52,3);
INSERT INTO schichtplan_schicht VALUES(7399,'2026-04-22',NULL,NULL,'',11,52,3);
INSERT INTO schichtplan_schicht VALUES(7400,'2026-04-17',NULL,NULL,'',17,52,3);
INSERT INTO schichtplan_schicht VALUES(7401,'2026-04-16',NULL,NULL,'',19,52,3);
INSERT INTO schichtplan_schicht VALUES(7402,'2026-04-22',NULL,NULL,'',19,52,3);
INSERT INTO schichtplan_schicht VALUES(7403,'2026-04-23',NULL,NULL,'',19,52,3);
INSERT INTO schichtplan_schicht VALUES(7404,'2026-04-24',NULL,NULL,'',19,52,3);
INSERT INTO schichtplan_schicht VALUES(7405,'2026-04-27',NULL,NULL,'',19,52,3);
INSERT INTO schichtplan_schicht VALUES(7406,'2026-04-28',NULL,NULL,'',19,52,3);
INSERT INTO schichtplan_schicht VALUES(7407,'2026-04-29',NULL,NULL,'',19,52,3);
INSERT INTO schichtplan_schicht VALUES(7408,'2026-04-07',NULL,NULL,'',10,52,1);
INSERT INTO schichtplan_schicht VALUES(7409,'2026-04-02',NULL,NULL,'',10,52,1);
INSERT INTO schichtplan_schicht VALUES(7410,'2026-04-09',NULL,NULL,'',10,52,1);
INSERT INTO schichtplan_schicht VALUES(7411,'2026-04-14',NULL,NULL,'',10,52,1);
INSERT INTO schichtplan_schicht VALUES(7412,'2026-04-16',NULL,NULL,'',10,52,1);
INSERT INTO schichtplan_schicht VALUES(7413,'2026-04-21',NULL,NULL,'',10,52,1);
INSERT INTO schichtplan_schicht VALUES(7414,'2026-04-23',NULL,NULL,'',10,52,1);
INSERT INTO schichtplan_schicht VALUES(7415,'2026-04-28',NULL,NULL,'',10,52,1);
INSERT INTO schichtplan_schicht VALUES(7416,'2026-04-30',NULL,NULL,'',10,52,1);
INSERT INTO schichtplan_schicht VALUES(7417,'2026-04-27',NULL,NULL,'',13,52,3);
CREATE TABLE IF NOT EXISTS "schichtplan_schichttausch" ("id" integer NOT NULL PRIMARY KEY AUTOINCREMENT, "status" varchar(20) NOT NULL, "nachricht" text NOT NULL, "erstellt_am" datetime NOT NULL, "angeboten_von_id" bigint NOT NULL REFERENCES "arbeitszeit_mitarbeiter" ("id") DEFERRABLE INITIALLY DEFERRED, "gewuenschter_partner_id" bigint NULL REFERENCES "arbeitszeit_mitarbeiter" ("id") DEFERRABLE INITIALLY DEFERRED, "urspruengliche_schicht_id" bigint NOT NULL REFERENCES "schichtplan_schicht" ("id") DEFERRABLE INITIALLY DEFERRED);
CREATE TABLE IF NOT EXISTS "schichtplan_schichtwunsch" ("id" integer NOT NULL PRIMARY KEY AUTOINCREMENT, "datum" date NOT NULL, "erstellt_am" datetime NOT NULL, "mitarbeiter_id" bigint NOT NULL REFERENCES "arbeitszeit_mitarbeiter" ("id") DEFERRABLE INITIALLY DEFERRED, "begruendung" text NOT NULL, "benoetigt_genehmigung" bool NOT NULL, "genehmigt" bool NOT NULL, "genehmigt_am" datetime NULL, "genehmigt_von_id" integer NULL REFERENCES "auth_user" ("id") DEFERRABLE INITIALLY DEFERRED, "wunsch" varchar(30) NOT NULL, "periode_id" bigint NULL REFERENCES "schichtplan_schichtwunschperiode" ("id") DEFERRABLE INITIALLY DEFERRED);
INSERT INTO schichtplan_schichtwunsch VALUES(74,'2026-04-01','2026-02-05 19:47:42.495216',13,'',0,0,NULL,NULL,'nacht_bevorzugt',4);
INSERT INTO schichtplan_schichtwunsch VALUES(75,'2026-04-02','2026-02-05 19:47:52.717581',13,'',0,0,NULL,NULL,'nacht_bevorzugt',4);
INSERT INTO schichtplan_schichtwunsch VALUES(76,'2026-04-04','2026-02-05 19:48:12.420843',13,'',0,0,NULL,NULL,'tag_bevorzugt',4);
INSERT INTO schichtplan_schichtwunsch VALUES(77,'2026-04-05','2026-02-05 19:48:18.667771',13,'',0,0,NULL,NULL,'tag_bevorzugt',4);
INSERT INTO schichtplan_schichtwunsch VALUES(78,'2026-04-08','2026-02-05 21:13:13.118775',6,'',0,0,NULL,NULL,'tag_bevorzugt',4);
INSERT INTO schichtplan_schichtwunsch VALUES(83,'2026-04-05','2026-02-07 11:09:44.330617',6,'',0,1,NULL,NULL,'urlaub',NULL);
INSERT INTO schichtplan_schichtwunsch VALUES(84,'2026-04-08','2026-02-07 11:26:51.599282',9,'',0,0,NULL,NULL,'tag_bevorzugt',4);
INSERT INTO schichtplan_schichtwunsch VALUES(85,'2026-04-04','2026-02-07 11:56:27.487298',9,'',0,0,NULL,NULL,'tag_bevorzugt',4);
INSERT INTO schichtplan_schichtwunsch VALUES(86,'2026-04-05','2026-02-07 11:56:32.373539',9,'',0,0,NULL,NULL,'tag_bevorzugt',4);
INSERT INTO schichtplan_schichtwunsch VALUES(87,'2026-04-04','2026-02-07 11:57:28.505833',14,'',0,0,NULL,NULL,'tag_bevorzugt',4);
INSERT INTO schichtplan_schichtwunsch VALUES(88,'2026-04-05','2026-02-07 11:57:32.568537',14,'',0,0,NULL,NULL,'tag_bevorzugt',4);
CREATE TABLE IF NOT EXISTS "schichtplan_schichtplan" ("id" integer NOT NULL PRIMARY KEY AUTOINCREMENT, "start_datum" date NOT NULL, "ende_datum" date NOT NULL, "erstellt_am" datetime NOT NULL, "aktualisiert_am" datetime NOT NULL, "status" varchar(20) NOT NULL, "bemerkungen" text NOT NULL, "erstellt_von_id" integer NULL REFERENCES "auth_user" ("id") DEFERRABLE INITIALLY DEFERRED, "name" varchar(200) NOT NULL, "wunschperiode_id" bigint NULL REFERENCES "schichtplan_schichtwunschperiode" ("id") DEFERRABLE INITIALLY DEFERRED);
INSERT INTO schichtplan_schichtplan VALUES(1,'2026-02-01','2026-02-28','2026-01-26 14:46:07.661071','2026-01-26 14:46:07.661078','entwurf','',1,'Feb_2026',NULL);
INSERT INTO schichtplan_schichtplan VALUES(2,'2025-11-01','2025-11-30','2026-01-29 19:50:53.425493','2026-01-29 19:50:53.425501','entwurf','',18,'November_25',NULL);
INSERT INTO schichtplan_schichtplan VALUES(3,'2025-10-01','2025-10-31','2026-01-31 08:32:55.708834','2026-01-31 08:32:55.708842','entwurf','Test',18,'Oktober_25',NULL);
INSERT INTO schichtplan_schichtplan VALUES(5,'2026-01-01','2026-01-31','2026-01-31 08:52:50.942678','2026-01-31 08:52:50.942686','entwurf','Test',18,'Januar_26',NULL);
INSERT INTO schichtplan_schichtplan VALUES(6,'2025-12-01','2025-12-31','2026-01-31 08:57:36.764216','2026-01-31 08:57:36.764225','entwurf','',18,'Dezember_25',NULL);
INSERT INTO schichtplan_schichtplan VALUES(21,'2026-03-01','2026-03-31','2026-02-02 21:43:41.620182','2026-02-02 21:43:41.620190','entwurf','der Neue',18,'März_26',NULL);
INSERT INTO schichtplan_schichtplan VALUES(36,'2026-02-01','2026-02-28','2026-02-05 20:35:41.895113','2026-02-05 20:35:41.895120','entwurf','',12,'Februar 2026',NULL);
INSERT INTO schichtplan_schichtplan VALUES(52,'2026-04-01','2026-04-30','2026-02-07 11:58:07.236640','2026-02-07 12:08:51.418709','veroeffentlicht','test kollosion zum ma wünschen',18,'April 2026',NULL);
CREATE TABLE IF NOT EXISTS "schichtplan_schichttyp" ("id" integer NOT NULL PRIMARY KEY AUTOINCREMENT, "name" varchar(100) NOT NULL, "kuerzel" varchar(10) NOT NULL, "start_zeit" time NOT NULL, "ende_zeit" time NOT NULL, "farbe" varchar(7) NOT NULL, "aktiv" bool NOT NULL, "pausenzeit_minuten" integer NOT NULL);
INSERT INTO schichtplan_schichttyp VALUES(1,'Tagesschicht','T','05:45:00','18:00:00','#FF9800',1,0);
INSERT INTO schichtplan_schichttyp VALUES(2,'Nachtschicht','N','17:45:00','06:00:00','#607D8B',1,0);
INSERT INTO schichtplan_schichttyp VALUES(3,'Zusatzdienst','Z','08:00:00','16:45:00','#fd7e14',1,45);
CREATE TABLE IF NOT EXISTS "schichtplan_schichtwunschperiode" ("id" integer NOT NULL PRIMARY KEY AUTOINCREMENT, "name" varchar(100) NOT NULL, "fuer_monat" date NOT NULL, "eingabe_start" datetime NOT NULL, "eingabe_ende" datetime NOT NULL, "status" varchar(20) NOT NULL, "erstellt_am" datetime NOT NULL, "aktualisiert_am" datetime NOT NULL, "erstellt_von_id" integer NOT NULL REFERENCES "auth_user" ("id") DEFERRABLE INITIALLY DEFERRED);
INSERT INTO schichtplan_schichtwunschperiode VALUES(4,'April','2026-04-01','2025-12-31 23:00:00','2026-03-31 00:09:00','offen','2026-02-05 19:41:31.009641','2026-02-05 19:41:31.009646',1);
CREATE TABLE IF NOT EXISTS "arbeitszeit_tagesarbeitszeit" ("id" integer NOT NULL PRIMARY KEY AUTOINCREMENT, "zeitwert" integer NOT NULL, "vereinbarung_id" bigint NOT NULL REFERENCES "arbeitszeit_arbeitszeitvereinbarung" ("id") DEFERRABLE INITIALLY DEFERRED, "woche" integer NOT NULL, "wochentag" varchar(10) NOT NULL);
CREATE TABLE IF NOT EXISTS "arbeitszeit_monatlichearbeitszeitsoll" ("id" integer NOT NULL PRIMARY KEY AUTOINCREMENT, "jahr" integer NOT NULL, "monat" integer NOT NULL, "arbeitstage_gesamt" integer NOT NULL, "feiertage_anzahl" integer NOT NULL, "arbeitstage_effektiv" integer NOT NULL, "wochenstunden" decimal NOT NULL, "soll_stunden" decimal NOT NULL, "feiertage_liste" text NOT NULL CHECK ((JSON_VALID("feiertage_liste") OR "feiertage_liste" IS NULL)), "berechnet_am" datetime NOT NULL, "mitarbeiter_id" bigint NOT NULL REFERENCES "arbeitszeit_mitarbeiter" ("id") DEFERRABLE INITIALLY DEFERRED);
INSERT INTO arbeitszeit_monatlichearbeitszeitsoll VALUES(222,2026,1,22,1,21,12,50.39999999999999858,'[{"datum": "2026-01-01", "name": "New year", "wochentag": "Thursday"}]','2026-02-01 10:02:49.450480',6);
INSERT INTO arbeitszeit_monatlichearbeitszeitsoll VALUES(223,2026,1,22,1,21,39,163.8000000000000113,'[{"datum": "2026-01-01", "name": "New year", "wochentag": "Thursday"}]','2026-02-01 10:02:49.453560',12);
INSERT INTO arbeitszeit_monatlichearbeitszeitsoll VALUES(224,2026,1,22,1,21,39,163.8000000000000113,'[{"datum": "2026-01-01", "name": "New year", "wochentag": "Thursday"}]','2026-02-01 10:02:49.456313',9);
INSERT INTO arbeitszeit_monatlichearbeitszeitsoll VALUES(225,2026,1,22,1,21,41,172.1999999999999887,'[{"datum": "2026-01-01", "name": "New year", "wochentag": "Thursday"}]','2026-02-01 10:02:49.459153',3);
INSERT INTO arbeitszeit_monatlichearbeitszeitsoll VALUES(226,2026,1,22,1,21,39,163.8000000000000113,'[{"datum": "2026-01-01", "name": "New year", "wochentag": "Thursday"}]','2026-02-01 10:02:49.462110',7);
INSERT INTO arbeitszeit_monatlichearbeitszeitsoll VALUES(227,2026,1,22,1,21,40,168,'[{"datum": "2026-01-01", "name": "New year", "wochentag": "Thursday"}]','2026-01-31 20:38:14.542225',5);
INSERT INTO arbeitszeit_monatlichearbeitszeitsoll VALUES(228,2026,1,22,1,21,40,168,'[{"datum": "2026-01-01", "name": "New year", "wochentag": "Thursday"}]','2026-02-01 10:02:49.465620',19);
INSERT INTO arbeitszeit_monatlichearbeitszeitsoll VALUES(229,2026,1,22,1,21,39,163.8000000000000113,'[{"datum": "2026-01-01", "name": "New year", "wochentag": "Thursday"}]','2026-02-01 10:02:49.468646',10);
INSERT INTO arbeitszeit_monatlichearbeitszeitsoll VALUES(230,2026,1,22,1,21,41,172.1999999999999887,'[{"datum": "2026-01-01", "name": "New year", "wochentag": "Thursday"}]','2026-02-01 10:02:49.471563',11);
INSERT INTO arbeitszeit_monatlichearbeitszeitsoll VALUES(231,2026,1,22,1,21,40,168,'[{"datum": "2026-01-01", "name": "New year", "wochentag": "Thursday"}]','2026-01-31 20:38:14.553160',4);
INSERT INTO arbeitszeit_monatlichearbeitszeitsoll VALUES(232,2026,1,22,1,21,40,168,'[{"datum": "2026-01-01", "name": "New year", "wochentag": "Thursday"}]','2026-02-01 10:02:49.474834',13);
INSERT INTO arbeitszeit_monatlichearbeitszeitsoll VALUES(233,2026,1,22,1,21,40,168,'[{"datum": "2026-01-01", "name": "New year", "wochentag": "Thursday"}]','2026-01-31 20:38:14.558455',2);
INSERT INTO arbeitszeit_monatlichearbeitszeitsoll VALUES(234,2026,1,22,1,21,39,163.8000000000000113,'[{"datum": "2026-01-01", "name": "New year", "wochentag": "Thursday"}]','2026-02-01 10:02:49.478258',14);
INSERT INTO arbeitszeit_monatlichearbeitszeitsoll VALUES(235,2026,1,22,1,21,39,163.8000000000000113,'[{"datum": "2026-01-01", "name": "New year", "wochentag": "Thursday"}]','2026-02-01 10:02:49.481219',15);
INSERT INTO arbeitszeit_monatlichearbeitszeitsoll VALUES(236,2026,1,22,1,21,40,168,'[{"datum": "2026-01-01", "name": "New year", "wochentag": "Thursday"}]','2026-02-01 10:02:49.483902',16);
INSERT INTO arbeitszeit_monatlichearbeitszeitsoll VALUES(237,2026,1,22,1,21,40,168,'[{"datum": "2026-01-01", "name": "New year", "wochentag": "Thursday"}]','2026-02-01 10:02:49.486805',17);
INSERT INTO arbeitszeit_monatlichearbeitszeitsoll VALUES(238,2026,1,22,1,21,39,163.8000000000000113,'[{"datum": "2026-01-01", "name": "New year", "wochentag": "Thursday"}]','2026-02-01 10:02:49.489518',18);
INSERT INTO arbeitszeit_monatlichearbeitszeitsoll VALUES(239,2026,2,20,0,20,12,48,'[]','2026-02-01 11:15:08.100510',6);
INSERT INTO arbeitszeit_monatlichearbeitszeitsoll VALUES(240,2026,2,20,0,20,39,156,'[]','2026-02-01 11:15:08.103696',12);
INSERT INTO arbeitszeit_monatlichearbeitszeitsoll VALUES(241,2026,2,20,0,20,39,156,'[]','2026-02-01 11:15:08.106701',9);
INSERT INTO arbeitszeit_monatlichearbeitszeitsoll VALUES(242,2026,2,20,0,20,41,164,'[]','2026-02-01 11:15:08.109415',3);
INSERT INTO arbeitszeit_monatlichearbeitszeitsoll VALUES(243,2026,2,20,0,20,39,156,'[]','2026-02-01 11:15:08.112444',7);
INSERT INTO arbeitszeit_monatlichearbeitszeitsoll VALUES(244,2026,2,20,0,20,40,160,'[]','2026-01-31 20:36:48.550427',5);
INSERT INTO arbeitszeit_monatlichearbeitszeitsoll VALUES(245,2026,2,20,0,20,40,160,'[]','2026-02-01 11:15:08.116053',19);
INSERT INTO arbeitszeit_monatlichearbeitszeitsoll VALUES(246,2026,2,20,0,20,39,156,'[]','2026-02-01 11:15:08.118948',10);
INSERT INTO arbeitszeit_monatlichearbeitszeitsoll VALUES(247,2026,2,20,0,20,41,164,'[]','2026-02-01 11:15:08.121646',11);
INSERT INTO arbeitszeit_monatlichearbeitszeitsoll VALUES(248,2026,2,20,0,20,40,160,'[]','2026-01-31 20:36:48.561567',4);
INSERT INTO arbeitszeit_monatlichearbeitszeitsoll VALUES(249,2026,2,20,0,20,40,160,'[]','2026-02-01 11:15:08.125219',13);
INSERT INTO arbeitszeit_monatlichearbeitszeitsoll VALUES(250,2026,2,20,0,20,40,160,'[]','2026-01-31 20:36:48.567118',2);
INSERT INTO arbeitszeit_monatlichearbeitszeitsoll VALUES(251,2026,2,20,0,20,39,156,'[]','2026-02-01 11:15:08.128686',14);
INSERT INTO arbeitszeit_monatlichearbeitszeitsoll VALUES(252,2026,2,20,0,20,39,156,'[]','2026-02-01 11:15:08.131410',15);
INSERT INTO arbeitszeit_monatlichearbeitszeitsoll VALUES(253,2026,2,20,0,20,40,160,'[]','2026-02-01 11:15:08.133998',16);
INSERT INTO arbeitszeit_monatlichearbeitszeitsoll VALUES(254,2026,2,20,0,20,40,160,'[]','2026-02-01 11:15:08.136660',17);
INSERT INTO arbeitszeit_monatlichearbeitszeitsoll VALUES(255,2026,2,20,0,20,39,156,'[]','2026-02-01 11:15:08.139637',18);
INSERT INTO arbeitszeit_monatlichearbeitszeitsoll VALUES(256,2026,3,22,0,22,12,52.79999999999999716,'[]','2026-02-01 10:11:25.500586',6);
INSERT INTO arbeitszeit_monatlichearbeitszeitsoll VALUES(257,2026,3,22,0,22,39,171.5999999999999944,'[]','2026-02-01 10:11:25.504325',12);
INSERT INTO arbeitszeit_monatlichearbeitszeitsoll VALUES(258,2026,3,22,0,22,39,171.5999999999999944,'[]','2026-02-01 10:11:25.507105',9);
INSERT INTO arbeitszeit_monatlichearbeitszeitsoll VALUES(259,2026,3,22,0,22,41,180.4000000000000056,'[]','2026-02-01 10:11:25.509861',3);
INSERT INTO arbeitszeit_monatlichearbeitszeitsoll VALUES(260,2026,3,22,0,22,39,171.5999999999999944,'[]','2026-02-01 10:11:25.512683',7);
INSERT INTO arbeitszeit_monatlichearbeitszeitsoll VALUES(261,2026,3,22,0,22,40,176,'[]','2026-01-31 20:36:48.599176',5);
INSERT INTO arbeitszeit_monatlichearbeitszeitsoll VALUES(262,2026,3,22,0,22,40,176,'[]','2026-02-01 10:11:25.515489',19);
INSERT INTO arbeitszeit_monatlichearbeitszeitsoll VALUES(263,2026,3,22,0,22,39,171.5999999999999944,'[]','2026-02-01 10:11:25.518262',10);
INSERT INTO arbeitszeit_monatlichearbeitszeitsoll VALUES(264,2026,3,22,0,22,41,180.4000000000000056,'[]','2026-02-01 10:11:25.521049',11);
INSERT INTO arbeitszeit_monatlichearbeitszeitsoll VALUES(265,2026,3,22,0,22,40,176,'[]','2026-01-31 20:36:48.609817',4);
INSERT INTO arbeitszeit_monatlichearbeitszeitsoll VALUES(266,2026,3,22,0,22,40,176,'[]','2026-02-01 10:11:25.523762',13);
INSERT INTO arbeitszeit_monatlichearbeitszeitsoll VALUES(267,2026,3,22,0,22,40,176,'[]','2026-01-31 20:36:48.615676',2);
INSERT INTO arbeitszeit_monatlichearbeitszeitsoll VALUES(268,2026,3,22,0,22,39,171.5999999999999944,'[]','2026-02-01 10:11:25.526527',14);
INSERT INTO arbeitszeit_monatlichearbeitszeitsoll VALUES(269,2026,3,22,0,22,39,171.5999999999999944,'[]','2026-02-01 10:11:25.529405',15);
INSERT INTO arbeitszeit_monatlichearbeitszeitsoll VALUES(270,2026,3,22,0,22,40,176,'[]','2026-02-01 10:11:25.532325',16);
INSERT INTO arbeitszeit_monatlichearbeitszeitsoll VALUES(271,2026,3,22,0,22,40,176,'[]','2026-02-01 10:11:25.535065',17);
INSERT INTO arbeitszeit_monatlichearbeitszeitsoll VALUES(272,2026,3,22,0,22,39,171.5999999999999944,'[]','2026-02-01 10:11:25.537826',18);
INSERT INTO arbeitszeit_monatlichearbeitszeitsoll VALUES(273,2026,4,22,2,20,12.15000000000000035,48.60000000000000142,'[{"datum": "2026-04-03", "name": "Good Friday", "wochentag": "Friday"}, {"datum": "2026-04-06", "name": "Easter Monday", "wochentag": "Monday"}]','2026-02-03 12:08:19.979559',6);
INSERT INTO arbeitszeit_monatlichearbeitszeitsoll VALUES(274,2026,4,22,2,20,39,156,'[{"datum": "2026-04-03", "name": "Good Friday", "wochentag": "Friday"}, {"datum": "2026-04-06", "name": "Easter Monday", "wochentag": "Monday"}]','2026-02-03 12:08:20.401483',12);
INSERT INTO arbeitszeit_monatlichearbeitszeitsoll VALUES(275,2026,4,22,2,20,39,156,'[{"datum": "2026-04-03", "name": "Good Friday", "wochentag": "Friday"}, {"datum": "2026-04-06", "name": "Easter Monday", "wochentag": "Monday"}]','2026-02-03 12:08:20.238777',9);
INSERT INTO arbeitszeit_monatlichearbeitszeitsoll VALUES(276,2026,4,22,2,20,41,164,'[{"datum": "2026-04-03", "name": "Good Friday", "wochentag": "Friday"}, {"datum": "2026-04-06", "name": "Easter Monday", "wochentag": "Monday"}]','2026-02-03 12:08:20.272850',3);
INSERT INTO arbeitszeit_monatlichearbeitszeitsoll VALUES(277,2026,4,22,2,20,39,156,'[{"datum": "2026-04-03", "name": "Good Friday", "wochentag": "Friday"}, {"datum": "2026-04-06", "name": "Easter Monday", "wochentag": "Monday"}]','2026-02-03 12:08:20.206426',7);
INSERT INTO arbeitszeit_monatlichearbeitszeitsoll VALUES(278,2026,4,22,2,20,40,160,'[{"datum": "2026-04-03", "name": "Good Friday", "wochentag": "Friday"}, {"datum": "2026-04-06", "name": "Easter Monday", "wochentag": "Monday"}]','2026-01-31 20:36:48.647174',5);
INSERT INTO arbeitszeit_monatlichearbeitszeitsoll VALUES(279,2026,4,22,2,20,40,160,'[{"datum": "2026-04-03", "name": "Good Friday", "wochentag": "Friday"}, {"datum": "2026-04-06", "name": "Easter Monday", "wochentag": "Monday"}]','2026-02-03 12:08:20.304425',19);
INSERT INTO arbeitszeit_monatlichearbeitszeitsoll VALUES(280,2026,4,22,2,20,39,156,'[{"datum": "2026-04-03", "name": "Good Friday", "wochentag": "Friday"}, {"datum": "2026-04-06", "name": "Easter Monday", "wochentag": "Monday"}]','2026-02-03 12:08:20.336870',10);
INSERT INTO arbeitszeit_monatlichearbeitszeitsoll VALUES(281,2026,4,22,2,20,41,164,'[{"datum": "2026-04-03", "name": "Good Friday", "wochentag": "Friday"}, {"datum": "2026-04-06", "name": "Easter Monday", "wochentag": "Monday"}]','2026-02-03 12:08:20.369571',11);
INSERT INTO arbeitszeit_monatlichearbeitszeitsoll VALUES(282,2026,4,22,2,20,40,160,'[{"datum": "2026-04-03", "name": "Good Friday", "wochentag": "Friday"}, {"datum": "2026-04-06", "name": "Easter Monday", "wochentag": "Monday"}]','2026-01-31 20:36:48.658174',4);
INSERT INTO arbeitszeit_monatlichearbeitszeitsoll VALUES(283,2026,4,22,2,20,40,160,'[{"datum": "2026-04-03", "name": "Good Friday", "wochentag": "Friday"}, {"datum": "2026-04-06", "name": "Easter Monday", "wochentag": "Monday"}]','2026-02-03 12:08:20.012806',13);
INSERT INTO arbeitszeit_monatlichearbeitszeitsoll VALUES(284,2026,4,22,2,20,40,160,'[{"datum": "2026-04-03", "name": "Good Friday", "wochentag": "Friday"}, {"datum": "2026-04-06", "name": "Easter Monday", "wochentag": "Monday"}]','2026-01-31 20:36:48.664001',2);
INSERT INTO arbeitszeit_monatlichearbeitszeitsoll VALUES(285,2026,4,22,2,20,39,156,'[{"datum": "2026-04-03", "name": "Good Friday", "wochentag": "Friday"}, {"datum": "2026-04-06", "name": "Easter Monday", "wochentag": "Monday"}]','2026-02-03 12:08:20.044914',14);
INSERT INTO arbeitszeit_monatlichearbeitszeitsoll VALUES(286,2026,4,22,2,20,39,156,'[{"datum": "2026-04-03", "name": "Good Friday", "wochentag": "Friday"}, {"datum": "2026-04-06", "name": "Easter Monday", "wochentag": "Monday"}]','2026-02-03 12:08:20.078267',15);
INSERT INTO arbeitszeit_monatlichearbeitszeitsoll VALUES(287,2026,4,22,2,20,40,160,'[{"datum": "2026-04-03", "name": "Good Friday", "wochentag": "Friday"}, {"datum": "2026-04-06", "name": "Easter Monday", "wochentag": "Monday"}]','2026-02-03 12:08:20.111013',16);
INSERT INTO arbeitszeit_monatlichearbeitszeitsoll VALUES(288,2026,4,22,2,20,40,160,'[{"datum": "2026-04-03", "name": "Good Friday", "wochentag": "Friday"}, {"datum": "2026-04-06", "name": "Easter Monday", "wochentag": "Monday"}]','2026-02-03 12:08:20.141891',17);
INSERT INTO arbeitszeit_monatlichearbeitszeitsoll VALUES(289,2026,4,22,2,20,39,156,'[{"datum": "2026-04-03", "name": "Good Friday", "wochentag": "Friday"}, {"datum": "2026-04-06", "name": "Easter Monday", "wochentag": "Monday"}]','2026-02-03 12:08:20.173622',18);
INSERT INTO arbeitszeit_monatlichearbeitszeitsoll VALUES(290,2026,5,21,3,18,12.15000000000000035,43.74000000000000198,'[{"datum": "2026-05-01", "name": "Labour Day", "wochentag": "Friday"}, {"datum": "2026-05-14", "name": "Ascension Thursday", "wochentag": "Thursday"}, {"datum": "2026-05-25", "name": "Whit Monday", "wochentag": "Monday"}]','2026-02-03 12:08:19.984510',6);
INSERT INTO arbeitszeit_monatlichearbeitszeitsoll VALUES(291,2026,5,21,3,18,39,140.4000000000000056,'[{"datum": "2026-05-01", "name": "Labour Day", "wochentag": "Friday"}, {"datum": "2026-05-14", "name": "Ascension Thursday", "wochentag": "Thursday"}, {"datum": "2026-05-25", "name": "Whit Monday", "wochentag": "Monday"}]','2026-02-03 12:08:20.404978',12);
INSERT INTO arbeitszeit_monatlichearbeitszeitsoll VALUES(292,2026,5,21,3,18,39,140.4000000000000056,'[{"datum": "2026-05-01", "name": "Labour Day", "wochentag": "Friday"}, {"datum": "2026-05-14", "name": "Ascension Thursday", "wochentag": "Thursday"}, {"datum": "2026-05-25", "name": "Whit Monday", "wochentag": "Monday"}]','2026-02-03 12:08:20.242245',9);
INSERT INTO arbeitszeit_monatlichearbeitszeitsoll VALUES(293,2026,5,21,3,18,41,147.5999999999999944,'[{"datum": "2026-05-01", "name": "Labour Day", "wochentag": "Friday"}, {"datum": "2026-05-14", "name": "Ascension Thursday", "wochentag": "Thursday"}, {"datum": "2026-05-25", "name": "Whit Monday", "wochentag": "Monday"}]','2026-02-03 12:08:20.276018',3);
INSERT INTO arbeitszeit_monatlichearbeitszeitsoll VALUES(294,2026,5,21,3,18,39,140.4000000000000056,'[{"datum": "2026-05-01", "name": "Labour Day", "wochentag": "Friday"}, {"datum": "2026-05-14", "name": "Ascension Thursday", "wochentag": "Thursday"}, {"datum": "2026-05-25", "name": "Whit Monday", "wochentag": "Monday"}]','2026-02-03 12:08:20.209806',7);
INSERT INTO arbeitszeit_monatlichearbeitszeitsoll VALUES(295,2026,5,21,3,18,40,144,'[{"datum": "2026-05-01", "name": "Labour Day", "wochentag": "Friday"}, {"datum": "2026-05-14", "name": "Ascension Thursday", "wochentag": "Thursday"}, {"datum": "2026-05-25", "name": "Whit Monday", "wochentag": "Monday"}]','2026-01-31 20:36:48.694918',5);
INSERT INTO arbeitszeit_monatlichearbeitszeitsoll VALUES(296,2026,5,21,3,18,40,144,'[{"datum": "2026-05-01", "name": "Labour Day", "wochentag": "Friday"}, {"datum": "2026-05-14", "name": "Ascension Thursday", "wochentag": "Thursday"}, {"datum": "2026-05-25", "name": "Whit Monday", "wochentag": "Monday"}]','2026-02-03 12:08:20.307712',19);
INSERT INTO arbeitszeit_monatlichearbeitszeitsoll VALUES(297,2026,5,21,3,18,39,140.4000000000000056,'[{"datum": "2026-05-01", "name": "Labour Day", "wochentag": "Friday"}, {"datum": "2026-05-14", "name": "Ascension Thursday", "wochentag": "Thursday"}, {"datum": "2026-05-25", "name": "Whit Monday", "wochentag": "Monday"}]','2026-02-03 12:08:20.340220',10);
INSERT INTO arbeitszeit_monatlichearbeitszeitsoll VALUES(298,2026,5,21,3,18,41,147.5999999999999944,'[{"datum": "2026-05-01", "name": "Labour Day", "wochentag": "Friday"}, {"datum": "2026-05-14", "name": "Ascension Thursday", "wochentag": "Thursday"}, {"datum": "2026-05-25", "name": "Whit Monday", "wochentag": "Monday"}]','2026-02-03 12:08:20.373170',11);
INSERT INTO arbeitszeit_monatlichearbeitszeitsoll VALUES(299,2026,5,21,3,18,40,144,'[{"datum": "2026-05-01", "name": "Labour Day", "wochentag": "Friday"}, {"datum": "2026-05-14", "name": "Ascension Thursday", "wochentag": "Thursday"}, {"datum": "2026-05-25", "name": "Whit Monday", "wochentag": "Monday"}]','2026-01-31 20:36:48.706116',4);
INSERT INTO arbeitszeit_monatlichearbeitszeitsoll VALUES(300,2026,5,21,3,18,40,144,'[{"datum": "2026-05-01", "name": "Labour Day", "wochentag": "Friday"}, {"datum": "2026-05-14", "name": "Ascension Thursday", "wochentag": "Thursday"}, {"datum": "2026-05-25", "name": "Whit Monday", "wochentag": "Monday"}]','2026-02-03 12:08:20.016401',13);
INSERT INTO arbeitszeit_monatlichearbeitszeitsoll VALUES(301,2026,5,21,3,18,40,144,'[{"datum": "2026-05-01", "name": "Labour Day", "wochentag": "Friday"}, {"datum": "2026-05-14", "name": "Ascension Thursday", "wochentag": "Thursday"}, {"datum": "2026-05-25", "name": "Whit Monday", "wochentag": "Monday"}]','2026-01-31 20:36:48.711518',2);
INSERT INTO arbeitszeit_monatlichearbeitszeitsoll VALUES(302,2026,5,21,3,18,39,140.4000000000000056,'[{"datum": "2026-05-01", "name": "Labour Day", "wochentag": "Friday"}, {"datum": "2026-05-14", "name": "Ascension Thursday", "wochentag": "Thursday"}, {"datum": "2026-05-25", "name": "Whit Monday", "wochentag": "Monday"}]','2026-02-03 12:08:20.048893',14);
INSERT INTO arbeitszeit_monatlichearbeitszeitsoll VALUES(303,2026,5,21,3,18,39,140.4000000000000056,'[{"datum": "2026-05-01", "name": "Labour Day", "wochentag": "Friday"}, {"datum": "2026-05-14", "name": "Ascension Thursday", "wochentag": "Thursday"}, {"datum": "2026-05-25", "name": "Whit Monday", "wochentag": "Monday"}]','2026-02-03 12:08:20.082218',15);
INSERT INTO arbeitszeit_monatlichearbeitszeitsoll VALUES(304,2026,5,21,3,18,40,144,'[{"datum": "2026-05-01", "name": "Labour Day", "wochentag": "Friday"}, {"datum": "2026-05-14", "name": "Ascension Thursday", "wochentag": "Thursday"}, {"datum": "2026-05-25", "name": "Whit Monday", "wochentag": "Monday"}]','2026-02-03 12:08:20.114460',16);
INSERT INTO arbeitszeit_monatlichearbeitszeitsoll VALUES(305,2026,5,21,3,18,40,144,'[{"datum": "2026-05-01", "name": "Labour Day", "wochentag": "Friday"}, {"datum": "2026-05-14", "name": "Ascension Thursday", "wochentag": "Thursday"}, {"datum": "2026-05-25", "name": "Whit Monday", "wochentag": "Monday"}]','2026-02-03 12:08:20.145393',17);
INSERT INTO arbeitszeit_monatlichearbeitszeitsoll VALUES(306,2026,5,21,3,18,39,140.4000000000000056,'[{"datum": "2026-05-01", "name": "Labour Day", "wochentag": "Friday"}, {"datum": "2026-05-14", "name": "Ascension Thursday", "wochentag": "Thursday"}, {"datum": "2026-05-25", "name": "Whit Monday", "wochentag": "Monday"}]','2026-02-03 12:08:20.177086',18);
INSERT INTO arbeitszeit_monatlichearbeitszeitsoll VALUES(307,2026,6,22,1,21,12.15000000000000035,51.03000000000000113,'[{"datum": "2026-06-04", "name": "Corpus Christi", "wochentag": "Thursday"}]','2026-02-03 12:08:19.987858',6);
INSERT INTO arbeitszeit_monatlichearbeitszeitsoll VALUES(308,2026,6,22,1,21,39,163.8000000000000113,'[{"datum": "2026-06-04", "name": "Corpus Christi", "wochentag": "Thursday"}]','2026-02-03 12:08:20.408355',12);
INSERT INTO arbeitszeit_monatlichearbeitszeitsoll VALUES(309,2026,6,22,1,21,39,163.8000000000000113,'[{"datum": "2026-06-04", "name": "Corpus Christi", "wochentag": "Thursday"}]','2026-02-03 12:08:20.245751',9);
INSERT INTO arbeitszeit_monatlichearbeitszeitsoll VALUES(310,2026,6,22,1,21,41,172.1999999999999887,'[{"datum": "2026-06-04", "name": "Corpus Christi", "wochentag": "Thursday"}]','2026-02-03 12:08:20.279410',3);
INSERT INTO arbeitszeit_monatlichearbeitszeitsoll VALUES(311,2026,6,22,1,21,39,163.8000000000000113,'[{"datum": "2026-06-04", "name": "Corpus Christi", "wochentag": "Thursday"}]','2026-02-03 12:08:20.213957',7);
INSERT INTO arbeitszeit_monatlichearbeitszeitsoll VALUES(312,2026,6,22,1,21,40,168,'[{"datum": "2026-06-04", "name": "Corpus Christi", "wochentag": "Thursday"}]','2026-01-31 20:36:48.744157',5);
INSERT INTO arbeitszeit_monatlichearbeitszeitsoll VALUES(313,2026,6,22,1,21,40,168,'[{"datum": "2026-06-04", "name": "Corpus Christi", "wochentag": "Thursday"}]','2026-02-03 12:08:20.311014',19);
INSERT INTO arbeitszeit_monatlichearbeitszeitsoll VALUES(314,2026,6,22,1,21,39,163.8000000000000113,'[{"datum": "2026-06-04", "name": "Corpus Christi", "wochentag": "Thursday"}]','2026-02-03 12:08:20.343600',10);
INSERT INTO arbeitszeit_monatlichearbeitszeitsoll VALUES(315,2026,6,22,1,21,41,172.1999999999999887,'[{"datum": "2026-06-04", "name": "Corpus Christi", "wochentag": "Thursday"}]','2026-02-03 12:08:20.376754',11);
INSERT INTO arbeitszeit_monatlichearbeitszeitsoll VALUES(316,2026,6,22,1,21,40,168,'[{"datum": "2026-06-04", "name": "Corpus Christi", "wochentag": "Thursday"}]','2026-01-31 20:36:48.756103',4);
INSERT INTO arbeitszeit_monatlichearbeitszeitsoll VALUES(317,2026,6,22,1,21,40,168,'[{"datum": "2026-06-04", "name": "Corpus Christi", "wochentag": "Thursday"}]','2026-02-03 12:08:20.019810',13);
INSERT INTO arbeitszeit_monatlichearbeitszeitsoll VALUES(318,2026,6,22,1,21,40,168,'[{"datum": "2026-06-04", "name": "Corpus Christi", "wochentag": "Thursday"}]','2026-01-31 20:36:48.761520',2);
INSERT INTO arbeitszeit_monatlichearbeitszeitsoll VALUES(319,2026,6,22,1,21,39,163.8000000000000113,'[{"datum": "2026-06-04", "name": "Corpus Christi", "wochentag": "Thursday"}]','2026-02-03 12:08:20.052325',14);
INSERT INTO arbeitszeit_monatlichearbeitszeitsoll VALUES(320,2026,6,22,1,21,39,163.8000000000000113,'[{"datum": "2026-06-04", "name": "Corpus Christi", "wochentag": "Thursday"}]','2026-02-03 12:08:20.085775',15);
INSERT INTO arbeitszeit_monatlichearbeitszeitsoll VALUES(321,2026,6,22,1,21,40,168,'[{"datum": "2026-06-04", "name": "Corpus Christi", "wochentag": "Thursday"}]','2026-02-03 12:08:20.117873',16);
INSERT INTO arbeitszeit_monatlichearbeitszeitsoll VALUES(322,2026,6,22,1,21,40,168,'[{"datum": "2026-06-04", "name": "Corpus Christi", "wochentag": "Thursday"}]','2026-02-03 12:08:20.148969',17);
INSERT INTO arbeitszeit_monatlichearbeitszeitsoll VALUES(323,2026,6,22,1,21,39,163.8000000000000113,'[{"datum": "2026-06-04", "name": "Corpus Christi", "wochentag": "Thursday"}]','2026-02-03 12:08:20.181091',18);
INSERT INTO arbeitszeit_monatlichearbeitszeitsoll VALUES(324,2026,7,23,0,23,12.15000000000000035,55.89000000000000056,'[]','2026-02-03 12:08:19.991154',6);
INSERT INTO arbeitszeit_monatlichearbeitszeitsoll VALUES(325,2026,7,23,0,23,39,179.4000000000000056,'[]','2026-02-03 12:08:20.411801',12);
INSERT INTO arbeitszeit_monatlichearbeitszeitsoll VALUES(326,2026,7,23,0,23,39,179.4000000000000056,'[]','2026-02-03 12:08:20.250312',9);
INSERT INTO arbeitszeit_monatlichearbeitszeitsoll VALUES(327,2026,7,23,0,23,41,188.5999999999999944,'[]','2026-02-03 12:08:20.283158',3);
INSERT INTO arbeitszeit_monatlichearbeitszeitsoll VALUES(328,2026,7,23,0,23,39,179.4000000000000056,'[]','2026-02-03 12:08:20.217453',7);
INSERT INTO arbeitszeit_monatlichearbeitszeitsoll VALUES(329,2026,7,23,0,23,40,184,'[]','2026-01-31 20:36:48.791922',5);
INSERT INTO arbeitszeit_monatlichearbeitszeitsoll VALUES(330,2026,7,23,0,23,40,184,'[]','2026-02-03 12:08:20.314453',19);
INSERT INTO arbeitszeit_monatlichearbeitszeitsoll VALUES(331,2026,7,23,0,23,39,179.4000000000000056,'[]','2026-02-03 12:08:20.346824',10);
INSERT INTO arbeitszeit_monatlichearbeitszeitsoll VALUES(332,2026,7,23,0,23,41,188.5999999999999944,'[]','2026-02-03 12:08:20.380164',11);
INSERT INTO arbeitszeit_monatlichearbeitszeitsoll VALUES(333,2026,7,23,0,23,40,184,'[]','2026-01-31 20:36:48.803347',4);
INSERT INTO arbeitszeit_monatlichearbeitszeitsoll VALUES(334,2026,7,23,0,23,40,184,'[]','2026-02-03 12:08:20.023108',13);
INSERT INTO arbeitszeit_monatlichearbeitszeitsoll VALUES(335,2026,7,23,0,23,40,184,'[]','2026-01-31 20:36:48.808951',2);
INSERT INTO arbeitszeit_monatlichearbeitszeitsoll VALUES(336,2026,7,23,0,23,39,179.4000000000000056,'[]','2026-02-03 12:08:20.055772',14);
INSERT INTO arbeitszeit_monatlichearbeitszeitsoll VALUES(337,2026,7,23,0,23,39,179.4000000000000056,'[]','2026-02-03 12:08:20.089069',15);
INSERT INTO arbeitszeit_monatlichearbeitszeitsoll VALUES(338,2026,7,23,0,23,40,184,'[]','2026-02-03 12:08:20.121076',16);
INSERT INTO arbeitszeit_monatlichearbeitszeitsoll VALUES(339,2026,7,23,0,23,40,184,'[]','2026-02-03 12:08:20.152339',17);
INSERT INTO arbeitszeit_monatlichearbeitszeitsoll VALUES(340,2026,7,23,0,23,39,179.4000000000000056,'[]','2026-02-03 12:08:20.184537',18);
INSERT INTO arbeitszeit_monatlichearbeitszeitsoll VALUES(341,2026,8,21,0,21,12.15000000000000035,51.03000000000000113,'[]','2026-02-03 12:08:19.994739',6);
INSERT INTO arbeitszeit_monatlichearbeitszeitsoll VALUES(342,2026,8,21,0,21,39,163.8000000000000113,'[]','2026-02-03 12:08:20.415161',12);
INSERT INTO arbeitszeit_monatlichearbeitszeitsoll VALUES(343,2026,8,21,0,21,39,163.8000000000000113,'[]','2026-02-03 12:08:20.254080',9);
INSERT INTO arbeitszeit_monatlichearbeitszeitsoll VALUES(344,2026,8,21,0,21,41,172.1999999999999887,'[]','2026-02-03 12:08:20.286724',3);
INSERT INTO arbeitszeit_monatlichearbeitszeitsoll VALUES(345,2026,8,21,0,21,39,163.8000000000000113,'[]','2026-02-03 12:08:20.220903',7);
INSERT INTO arbeitszeit_monatlichearbeitszeitsoll VALUES(346,2026,8,21,0,21,40,168,'[]','2026-01-31 20:36:48.840975',5);
INSERT INTO arbeitszeit_monatlichearbeitszeitsoll VALUES(347,2026,8,21,0,21,40,168,'[]','2026-02-03 12:08:20.318153',19);
INSERT INTO arbeitszeit_monatlichearbeitszeitsoll VALUES(348,2026,8,21,0,21,39,163.8000000000000113,'[]','2026-02-03 12:08:20.350240',10);
INSERT INTO arbeitszeit_monatlichearbeitszeitsoll VALUES(349,2026,8,21,0,21,41,172.1999999999999887,'[]','2026-02-03 12:08:20.383431',11);
INSERT INTO arbeitszeit_monatlichearbeitszeitsoll VALUES(350,2026,8,21,0,21,40,168,'[]','2026-01-31 20:36:48.852297',4);
INSERT INTO arbeitszeit_monatlichearbeitszeitsoll VALUES(351,2026,8,21,0,21,40,168,'[]','2026-02-03 12:08:20.026828',13);
INSERT INTO arbeitszeit_monatlichearbeitszeitsoll VALUES(352,2026,8,21,0,21,40,168,'[]','2026-01-31 20:36:48.858166',2);
INSERT INTO arbeitszeit_monatlichearbeitszeitsoll VALUES(353,2026,8,21,0,21,39,163.8000000000000113,'[]','2026-02-03 12:08:20.059681',14);
INSERT INTO arbeitszeit_monatlichearbeitszeitsoll VALUES(354,2026,8,21,0,21,39,163.8000000000000113,'[]','2026-02-03 12:08:20.092682',15);
INSERT INTO arbeitszeit_monatlichearbeitszeitsoll VALUES(355,2026,8,21,0,21,40,168,'[]','2026-02-03 12:08:20.124343',16);
INSERT INTO arbeitszeit_monatlichearbeitszeitsoll VALUES(356,2026,8,21,0,21,40,168,'[]','2026-02-03 12:08:20.155873',17);
INSERT INTO arbeitszeit_monatlichearbeitszeitsoll VALUES(357,2026,8,21,0,21,39,163.8000000000000113,'[]','2026-02-03 12:08:20.187888',18);
INSERT INTO arbeitszeit_monatlichearbeitszeitsoll VALUES(358,2026,9,22,0,22,12.15000000000000035,53.46000000000000085,'[]','2026-02-03 12:08:19.998009',6);
INSERT INTO arbeitszeit_monatlichearbeitszeitsoll VALUES(359,2026,9,22,0,22,39,171.5999999999999944,'[]','2026-02-03 12:08:20.418499',12);
INSERT INTO arbeitszeit_monatlichearbeitszeitsoll VALUES(360,2026,9,22,0,22,39,171.5999999999999944,'[]','2026-02-03 12:08:20.257392',9);
INSERT INTO arbeitszeit_monatlichearbeitszeitsoll VALUES(361,2026,9,22,0,22,41,180.4000000000000056,'[]','2026-02-03 12:08:20.290105',3);
INSERT INTO arbeitszeit_monatlichearbeitszeitsoll VALUES(362,2026,9,22,0,22,39,171.5999999999999944,'[]','2026-02-03 12:08:20.224086',7);
INSERT INTO arbeitszeit_monatlichearbeitszeitsoll VALUES(363,2026,9,22,0,22,40,176,'[]','2026-01-31 20:36:48.889380',5);
INSERT INTO arbeitszeit_monatlichearbeitszeitsoll VALUES(364,2026,9,22,0,22,40,176,'[]','2026-02-03 12:08:20.322258',19);
INSERT INTO arbeitszeit_monatlichearbeitszeitsoll VALUES(365,2026,9,22,0,22,39,171.5999999999999944,'[]','2026-02-03 12:08:20.354263',10);
INSERT INTO arbeitszeit_monatlichearbeitszeitsoll VALUES(366,2026,9,22,0,22,41,180.4000000000000056,'[]','2026-02-03 12:08:20.386980',11);
INSERT INTO arbeitszeit_monatlichearbeitszeitsoll VALUES(367,2026,9,22,0,22,40,176,'[]','2026-01-31 20:36:48.900531',4);
INSERT INTO arbeitszeit_monatlichearbeitszeitsoll VALUES(368,2026,9,22,0,22,40,176,'[]','2026-02-03 12:08:20.030170',13);
INSERT INTO arbeitszeit_monatlichearbeitszeitsoll VALUES(369,2026,9,22,0,22,40,176,'[]','2026-01-31 20:36:48.906095',2);
INSERT INTO arbeitszeit_monatlichearbeitszeitsoll VALUES(370,2026,9,22,0,22,39,171.5999999999999944,'[]','2026-02-03 12:08:20.063469',14);
INSERT INTO arbeitszeit_monatlichearbeitszeitsoll VALUES(371,2026,9,22,0,22,39,171.5999999999999944,'[]','2026-02-03 12:08:20.096128',15);
INSERT INTO arbeitszeit_monatlichearbeitszeitsoll VALUES(372,2026,9,22,0,22,40,176,'[]','2026-02-03 12:08:20.127994',16);
INSERT INTO arbeitszeit_monatlichearbeitszeitsoll VALUES(373,2026,9,22,0,22,40,176,'[]','2026-02-03 12:08:20.159159',17);
INSERT INTO arbeitszeit_monatlichearbeitszeitsoll VALUES(374,2026,9,22,0,22,39,171.5999999999999944,'[]','2026-02-03 12:08:20.191520',18);
INSERT INTO arbeitszeit_monatlichearbeitszeitsoll VALUES(375,2026,10,22,0,22,12.15000000000000035,53.46000000000000085,'[]','2026-02-03 12:08:20.001267',6);
INSERT INTO arbeitszeit_monatlichearbeitszeitsoll VALUES(376,2026,10,22,0,22,39,171.5999999999999944,'[]','2026-02-03 12:08:20.422332',12);
INSERT INTO arbeitszeit_monatlichearbeitszeitsoll VALUES(377,2026,10,22,0,22,39,171.5999999999999944,'[]','2026-02-03 12:08:20.260938',9);
INSERT INTO arbeitszeit_monatlichearbeitszeitsoll VALUES(378,2026,10,22,0,22,41,180.4000000000000056,'[]','2026-02-03 12:08:20.293324',3);
INSERT INTO arbeitszeit_monatlichearbeitszeitsoll VALUES(379,2026,10,22,0,22,39,171.5999999999999944,'[]','2026-02-03 12:08:20.227391',7);
INSERT INTO arbeitszeit_monatlichearbeitszeitsoll VALUES(380,2026,10,22,0,22,40,176,'[]','2026-01-31 20:36:48.937652',5);
INSERT INTO arbeitszeit_monatlichearbeitszeitsoll VALUES(381,2026,10,22,0,22,40,176,'[]','2026-02-03 12:08:20.325660',19);
INSERT INTO arbeitszeit_monatlichearbeitszeitsoll VALUES(382,2026,10,22,0,22,39,171.5999999999999944,'[]','2026-02-03 12:08:20.357747',10);
INSERT INTO arbeitszeit_monatlichearbeitszeitsoll VALUES(383,2026,10,22,0,22,41,180.4000000000000056,'[]','2026-02-03 12:08:20.390547',11);
INSERT INTO arbeitszeit_monatlichearbeitszeitsoll VALUES(384,2026,10,22,0,22,40,176,'[]','2026-01-31 20:36:48.948940',4);
INSERT INTO arbeitszeit_monatlichearbeitszeitsoll VALUES(385,2026,10,22,0,22,40,176,'[]','2026-02-03 12:08:20.033535',13);
INSERT INTO arbeitszeit_monatlichearbeitszeitsoll VALUES(386,2026,10,22,0,22,40,176,'[]','2026-01-31 20:36:48.954384',2);
INSERT INTO arbeitszeit_monatlichearbeitszeitsoll VALUES(387,2026,10,22,0,22,39,171.5999999999999944,'[]','2026-02-03 12:08:20.066798',14);
INSERT INTO arbeitszeit_monatlichearbeitszeitsoll VALUES(388,2026,10,22,0,22,39,171.5999999999999944,'[]','2026-02-03 12:08:20.099627',15);
INSERT INTO arbeitszeit_monatlichearbeitszeitsoll VALUES(389,2026,10,22,0,22,40,176,'[]','2026-02-03 12:08:20.131367',16);
INSERT INTO arbeitszeit_monatlichearbeitszeitsoll VALUES(390,2026,10,22,0,22,40,176,'[]','2026-02-03 12:08:20.162815',17);
INSERT INTO arbeitszeit_monatlichearbeitszeitsoll VALUES(391,2026,10,22,0,22,39,171.5999999999999944,'[]','2026-02-03 12:08:20.194974',18);
INSERT INTO arbeitszeit_monatlichearbeitszeitsoll VALUES(392,2026,11,21,0,21,12.15000000000000035,51.03000000000000113,'[]','2026-02-03 12:08:20.004867',6);
INSERT INTO arbeitszeit_monatlichearbeitszeitsoll VALUES(393,2026,11,21,0,21,39,163.8000000000000113,'[]','2026-02-03 12:08:20.426707',12);
INSERT INTO arbeitszeit_monatlichearbeitszeitsoll VALUES(394,2026,11,21,0,21,39,163.8000000000000113,'[]','2026-02-03 12:08:20.264738',9);
INSERT INTO arbeitszeit_monatlichearbeitszeitsoll VALUES(395,2026,11,21,0,21,41,172.1999999999999887,'[]','2026-02-03 12:08:20.296593',3);
INSERT INTO arbeitszeit_monatlichearbeitszeitsoll VALUES(396,2026,11,21,0,21,39,163.8000000000000113,'[]','2026-02-03 12:08:20.231008',7);
INSERT INTO arbeitszeit_monatlichearbeitszeitsoll VALUES(397,2026,11,21,0,21,40,168,'[]','2026-01-31 20:36:48.985708',5);
INSERT INTO arbeitszeit_monatlichearbeitszeitsoll VALUES(398,2026,11,21,0,21,40,168,'[]','2026-02-03 12:08:20.328910',19);
INSERT INTO arbeitszeit_monatlichearbeitszeitsoll VALUES(399,2026,11,21,0,21,39,163.8000000000000113,'[]','2026-02-03 12:08:20.360926',10);
INSERT INTO arbeitszeit_monatlichearbeitszeitsoll VALUES(400,2026,11,21,0,21,41,172.1999999999999887,'[]','2026-02-03 12:08:20.393823',11);
INSERT INTO arbeitszeit_monatlichearbeitszeitsoll VALUES(401,2026,11,21,0,21,40,168,'[]','2026-01-31 20:36:48.996809',4);
INSERT INTO arbeitszeit_monatlichearbeitszeitsoll VALUES(402,2026,11,21,0,21,40,168,'[]','2026-02-03 12:08:20.036737',13);
INSERT INTO arbeitszeit_monatlichearbeitszeitsoll VALUES(403,2026,11,21,0,21,40,168,'[]','2026-01-31 20:36:49.002632',2);
INSERT INTO arbeitszeit_monatlichearbeitszeitsoll VALUES(404,2026,11,21,0,21,39,163.8000000000000113,'[]','2026-02-03 12:08:20.070219',14);
INSERT INTO arbeitszeit_monatlichearbeitszeitsoll VALUES(405,2026,11,21,0,21,39,163.8000000000000113,'[]','2026-02-03 12:08:20.103214',15);
INSERT INTO arbeitszeit_monatlichearbeitszeitsoll VALUES(406,2026,11,21,0,21,40,168,'[]','2026-02-03 12:08:20.134658',16);
INSERT INTO arbeitszeit_monatlichearbeitszeitsoll VALUES(407,2026,11,21,0,21,40,168,'[]','2026-02-03 12:08:20.166123',17);
INSERT INTO arbeitszeit_monatlichearbeitszeitsoll VALUES(408,2026,11,21,0,21,39,163.8000000000000113,'[]','2026-02-03 12:08:20.198803',18);
INSERT INTO arbeitszeit_monatlichearbeitszeitsoll VALUES(409,2026,12,23,1,22,12.15000000000000035,53.46000000000000085,'[{"datum": "2026-12-25", "name": "Christmas Day", "wochentag": "Friday"}]','2026-02-03 12:08:20.008497',6);
INSERT INTO arbeitszeit_monatlichearbeitszeitsoll VALUES(410,2026,12,23,1,22,39,171.5999999999999944,'[{"datum": "2026-12-25", "name": "Christmas Day", "wochentag": "Friday"}]','2026-02-03 12:08:20.430264',12);
INSERT INTO arbeitszeit_monatlichearbeitszeitsoll VALUES(411,2026,12,23,1,22,39,171.5999999999999944,'[{"datum": "2026-12-25", "name": "Christmas Day", "wochentag": "Friday"}]','2026-02-03 12:08:20.268386',9);
INSERT INTO arbeitszeit_monatlichearbeitszeitsoll VALUES(412,2026,12,23,1,22,41,180.4000000000000056,'[{"datum": "2026-12-25", "name": "Christmas Day", "wochentag": "Friday"}]','2026-02-03 12:08:20.300231',3);
INSERT INTO arbeitszeit_monatlichearbeitszeitsoll VALUES(413,2026,12,23,1,22,39,171.5999999999999944,'[{"datum": "2026-12-25", "name": "Christmas Day", "wochentag": "Friday"}]','2026-02-03 12:08:20.234661',7);
INSERT INTO arbeitszeit_monatlichearbeitszeitsoll VALUES(414,2026,12,23,1,22,40,176,'[{"datum": "2026-12-25", "name": "Christmas Day", "wochentag": "Friday"}]','2026-01-31 20:36:49.032721',5);
INSERT INTO arbeitszeit_monatlichearbeitszeitsoll VALUES(415,2026,12,23,1,22,40,176,'[{"datum": "2026-12-25", "name": "Christmas Day", "wochentag": "Friday"}]','2026-02-03 12:08:20.332287',19);
INSERT INTO arbeitszeit_monatlichearbeitszeitsoll VALUES(416,2026,12,23,1,22,39,171.5999999999999944,'[{"datum": "2026-12-25", "name": "Christmas Day", "wochentag": "Friday"}]','2026-02-03 12:08:20.364713',10);
INSERT INTO arbeitszeit_monatlichearbeitszeitsoll VALUES(417,2026,12,23,1,22,41,180.4000000000000056,'[{"datum": "2026-12-25", "name": "Christmas Day", "wochentag": "Friday"}]','2026-02-03 12:08:20.397172',11);
INSERT INTO arbeitszeit_monatlichearbeitszeitsoll VALUES(418,2026,12,23,1,22,40,176,'[{"datum": "2026-12-25", "name": "Christmas Day", "wochentag": "Friday"}]','2026-01-31 20:36:49.044085',4);
INSERT INTO arbeitszeit_monatlichearbeitszeitsoll VALUES(419,2026,12,23,1,22,40,176,'[{"datum": "2026-12-25", "name": "Christmas Day", "wochentag": "Friday"}]','2026-02-03 12:08:20.040286',13);
INSERT INTO arbeitszeit_monatlichearbeitszeitsoll VALUES(420,2026,12,23,1,22,40,176,'[{"datum": "2026-12-25", "name": "Christmas Day", "wochentag": "Friday"}]','2026-01-31 20:36:49.049673',2);
INSERT INTO arbeitszeit_monatlichearbeitszeitsoll VALUES(421,2026,12,23,1,22,39,171.5999999999999944,'[{"datum": "2026-12-25", "name": "Christmas Day", "wochentag": "Friday"}]','2026-02-03 12:08:20.073658',14);
INSERT INTO arbeitszeit_monatlichearbeitszeitsoll VALUES(422,2026,12,23,1,22,39,171.5999999999999944,'[{"datum": "2026-12-25", "name": "Christmas Day", "wochentag": "Friday"}]','2026-02-03 12:08:20.106437',15);
INSERT INTO arbeitszeit_monatlichearbeitszeitsoll VALUES(423,2026,12,23,1,22,40,176,'[{"datum": "2026-12-25", "name": "Christmas Day", "wochentag": "Friday"}]','2026-02-03 12:08:20.137817',16);
INSERT INTO arbeitszeit_monatlichearbeitszeitsoll VALUES(424,2026,12,23,1,22,40,176,'[{"datum": "2026-12-25", "name": "Christmas Day", "wochentag": "Friday"}]','2026-02-03 12:08:20.169336',17);
INSERT INTO arbeitszeit_monatlichearbeitszeitsoll VALUES(425,2026,12,23,1,22,39,171.5999999999999944,'[{"datum": "2026-12-25", "name": "Christmas Day", "wochentag": "Friday"}]','2026-02-03 12:08:20.202143',18);
INSERT INTO arbeitszeit_monatlichearbeitszeitsoll VALUES(426,2025,12,23,2,21,40,168,'[{"datum": "2025-12-25", "name": "Christmas Day", "wochentag": "Thursday"}, {"datum": "2025-12-26", "name": "Second Christmas Day", "wochentag": "Friday"}]','2026-01-31 20:38:07.754282',6);
INSERT INTO arbeitszeit_monatlichearbeitszeitsoll VALUES(427,2025,12,23,2,21,40,168,'[{"datum": "2025-12-25", "name": "Christmas Day", "wochentag": "Thursday"}, {"datum": "2025-12-26", "name": "Second Christmas Day", "wochentag": "Friday"}]','2026-01-31 20:38:07.757542',12);
INSERT INTO arbeitszeit_monatlichearbeitszeitsoll VALUES(428,2025,12,23,2,21,40,168,'[{"datum": "2025-12-25", "name": "Christmas Day", "wochentag": "Thursday"}, {"datum": "2025-12-26", "name": "Second Christmas Day", "wochentag": "Friday"}]','2026-01-31 20:38:07.760412',9);
INSERT INTO arbeitszeit_monatlichearbeitszeitsoll VALUES(429,2025,12,23,2,21,40,168,'[{"datum": "2025-12-25", "name": "Christmas Day", "wochentag": "Thursday"}, {"datum": "2025-12-26", "name": "Second Christmas Day", "wochentag": "Friday"}]','2026-01-31 20:38:07.763148',3);
INSERT INTO arbeitszeit_monatlichearbeitszeitsoll VALUES(430,2025,12,23,2,21,40,168,'[{"datum": "2025-12-25", "name": "Christmas Day", "wochentag": "Thursday"}, {"datum": "2025-12-26", "name": "Second Christmas Day", "wochentag": "Friday"}]','2026-01-31 20:38:07.765938',7);
INSERT INTO arbeitszeit_monatlichearbeitszeitsoll VALUES(431,2025,12,23,2,21,40,168,'[{"datum": "2025-12-25", "name": "Christmas Day", "wochentag": "Thursday"}, {"datum": "2025-12-26", "name": "Second Christmas Day", "wochentag": "Friday"}]','2026-01-31 20:38:07.768905',5);
INSERT INTO arbeitszeit_monatlichearbeitszeitsoll VALUES(432,2025,12,23,2,21,40,168,'[{"datum": "2025-12-25", "name": "Christmas Day", "wochentag": "Thursday"}, {"datum": "2025-12-26", "name": "Second Christmas Day", "wochentag": "Friday"}]','2026-01-31 20:38:07.772425',19);
INSERT INTO arbeitszeit_monatlichearbeitszeitsoll VALUES(433,2025,12,23,2,21,40,168,'[{"datum": "2025-12-25", "name": "Christmas Day", "wochentag": "Thursday"}, {"datum": "2025-12-26", "name": "Second Christmas Day", "wochentag": "Friday"}]','2026-01-31 20:38:07.775149',10);
INSERT INTO arbeitszeit_monatlichearbeitszeitsoll VALUES(434,2025,12,23,2,21,40,168,'[{"datum": "2025-12-25", "name": "Christmas Day", "wochentag": "Thursday"}, {"datum": "2025-12-26", "name": "Second Christmas Day", "wochentag": "Friday"}]','2026-01-31 20:38:07.777908',11);
INSERT INTO arbeitszeit_monatlichearbeitszeitsoll VALUES(435,2025,12,23,2,21,40,168,'[{"datum": "2025-12-25", "name": "Christmas Day", "wochentag": "Thursday"}, {"datum": "2025-12-26", "name": "Second Christmas Day", "wochentag": "Friday"}]','2026-01-31 20:38:07.780800',4);
INSERT INTO arbeitszeit_monatlichearbeitszeitsoll VALUES(436,2025,12,23,2,21,40,168,'[{"datum": "2025-12-25", "name": "Christmas Day", "wochentag": "Thursday"}, {"datum": "2025-12-26", "name": "Second Christmas Day", "wochentag": "Friday"}]','2026-01-31 20:38:07.783910',13);
INSERT INTO arbeitszeit_monatlichearbeitszeitsoll VALUES(437,2025,12,23,2,21,40,168,'[{"datum": "2025-12-25", "name": "Christmas Day", "wochentag": "Thursday"}, {"datum": "2025-12-26", "name": "Second Christmas Day", "wochentag": "Friday"}]','2026-01-31 20:38:07.786635',2);
INSERT INTO arbeitszeit_monatlichearbeitszeitsoll VALUES(438,2025,12,23,2,21,40,168,'[{"datum": "2025-12-25", "name": "Christmas Day", "wochentag": "Thursday"}, {"datum": "2025-12-26", "name": "Second Christmas Day", "wochentag": "Friday"}]','2026-01-31 20:38:07.789348',14);
INSERT INTO arbeitszeit_monatlichearbeitszeitsoll VALUES(439,2025,12,23,2,21,40,168,'[{"datum": "2025-12-25", "name": "Christmas Day", "wochentag": "Thursday"}, {"datum": "2025-12-26", "name": "Second Christmas Day", "wochentag": "Friday"}]','2026-01-31 20:38:07.792299',15);
INSERT INTO arbeitszeit_monatlichearbeitszeitsoll VALUES(440,2025,12,23,2,21,40,168,'[{"datum": "2025-12-25", "name": "Christmas Day", "wochentag": "Thursday"}, {"datum": "2025-12-26", "name": "Second Christmas Day", "wochentag": "Friday"}]','2026-01-31 20:38:07.795035',16);
INSERT INTO arbeitszeit_monatlichearbeitszeitsoll VALUES(441,2025,12,23,2,21,40,168,'[{"datum": "2025-12-25", "name": "Christmas Day", "wochentag": "Thursday"}, {"datum": "2025-12-26", "name": "Second Christmas Day", "wochentag": "Friday"}]','2026-01-31 20:38:07.797791',17);
INSERT INTO arbeitszeit_monatlichearbeitszeitsoll VALUES(442,2025,12,23,2,21,40,168,'[{"datum": "2025-12-25", "name": "Christmas Day", "wochentag": "Thursday"}, {"datum": "2025-12-26", "name": "Second Christmas Day", "wochentag": "Friday"}]','2026-01-31 20:38:07.800730',18);
CREATE TABLE IF NOT EXISTS "arbeitszeit_mitarbeiter" ("id" integer NOT NULL PRIMARY KEY AUTOINCREMENT, "personalnummer" varchar(20) NOT NULL UNIQUE, "nachname" varchar(100) NOT NULL, "vorname" varchar(100) NOT NULL, "abteilung" varchar(100) NOT NULL, "standort" varchar(20) NOT NULL, "eintrittsdatum" date NULL, "aktiv" bool NOT NULL, "created_at" datetime NOT NULL, "updated_at" datetime NOT NULL, "user_id" integer NOT NULL UNIQUE REFERENCES "auth_user" ("id") DEFERRABLE INITIALLY DEFERRED, "rolle" varchar(20) NOT NULL, "arbeitszeit_typ" varchar(20) NOT NULL, "kann_nachtschicht" bool NOT NULL, "kann_tagschicht" bool NOT NULL, "max_aufeinanderfolgende_tage" integer NOT NULL, "max_schichten_pro_monat" integer NULL, "max_wochenenden_pro_monat" integer NOT NULL, "nachtschicht_nur_wochenende" bool NOT NULL, "nur_zusatzarbeiten" bool NOT NULL, "planungs_prioritaet" varchar(10) NOT NULL, "schichtplan_bemerkungen" text NOT NULL, "schichtplan_kennung" varchar(10) NOT NULL, "verfuegbarkeit" varchar(20) NOT NULL, "nur_zusatzdienste_wochentags" bool NOT NULL, "schichtplan_einschraenkungen" text NOT NULL, "schicht_typ" varchar(10) NOT NULL, "erlaubte_wochentage" text NULL CHECK ((JSON_VALID("erlaubte_wochentage") OR "erlaubte_wochentage" IS NULL)), "keine_zusatzdienste" bool NOT NULL, "fixe_tag_wochentage" text NULL CHECK ((JSON_VALID("fixe_tag_wochentage") OR "fixe_tag_wochentage" IS NULL)), "kategorie" varchar(20) NOT NULL, "min_nachtschichten_pro_monat" integer NULL, "min_tagschichten_pro_monat" integer NULL, "target_nachtschichten_pro_monat" integer NULL, "target_tagschichten_pro_monat" integer NULL, "wochenend_nachtdienst_block" bool NOT NULL, "zaehlt_zur_nachtbesetzung" bool NOT NULL, "zaehlt_zur_tagbesetzung" bool NOT NULL);
INSERT INTO arbeitszeit_mitarbeiter VALUES(2,'SB001','Schmidt','Anna','HR','siegburg','2026-01-21',1,'2026-01-21 20:59:09.864903','2026-02-05 18:50:10.000502',4,'sachbearbeiter','typ_c',1,1,5,NULL,4,0,0,'normal','','keine','voll',0,'','typ_a',NULL,0,NULL,'kern',NULL,NULL,5,6,0,1,1);
INSERT INTO arbeitszeit_mitarbeiter VALUES(3,'12345','Klein','G','Kongos','siegburg','2026-01-01',1,'2026-01-22 15:58:21.697877','2026-02-05 18:50:09.998517',5,'mitarbeiter','typ_c',1,1,3,NULL,4,0,0,'normal','','MA5','voll',0,'','typ_b',NULL,0,NULL,'kern',4,4,5,6,0,1,1);
INSERT INTO arbeitszeit_mitarbeiter VALUES(4,'MA0001','Nachname','Vorname','Allgemein','siegburg','2026-01-26',1,'2026-01-26 15:56:28.564207','2026-02-05 18:50:10.000073',1,'mitarbeiter','typ_c',1,1,5,NULL,4,0,0,'normal','','keine','voll',0,'','typ_a',NULL,0,NULL,'kern',NULL,NULL,5,6,0,1,1);
INSERT INTO arbeitszeit_mitarbeiter VALUES(5,'MA0006','Kluge','Holger','Kongos','siegburg','2026-01-26',1,'2026-01-26 18:50:21.857815','2026-02-05 18:50:09.999047',6,'schichtplaner','typ_c',1,1,5,NULL,4,0,0,'normal','','','voll',0,'','typ_a',NULL,0,NULL,'kern',NULL,NULL,5,6,0,1,1);
INSERT INTO arbeitszeit_mitarbeiter VALUES(6,'12458','Brach','Petra','Kongos','siegburg','2026-01-01',1,'2026-01-26 19:06:23.496991','2026-02-05 22:23:45.557007',7,'mitarbeiter','typ_c',0,1,1,4,0,0,0,'hoch','nur Mittwochs','MA1','voll',0,'','typ_a','[2]',1,'[2]','kern',NULL,NULL,0,4,0,0,1);
INSERT INTO arbeitszeit_mitarbeiter VALUES(7,'12314','Klein','U','Kongos','siegburg','2026-01-01',1,'2026-01-26 19:08:32.699310','2026-02-05 18:50:09.998818',8,'mitarbeiter','typ_c',1,1,3,NULL,4,0,0,'normal','','MA2','voll',0,'','typ_a',NULL,0,NULL,'kern',NULL,NULL,5,6,0,1,1);
INSERT INTO arbeitszeit_mitarbeiter VALUES(8,'12347','Ebbe','D','Kongos','siegburg','2026-01-01',0,'2026-01-26 19:09:21.066022','2026-02-05 19:10:36.871961',9,'mitarbeiter','typ_c',0,0,0,NULL,0,0,0,'hoch','','MA3','dauerkrank',0,'','typ_a',NULL,0,NULL,'dauerkrank',NULL,NULL,5,6,0,0,0);
INSERT INTO arbeitszeit_mitarbeiter VALUES(9,'12348','Hase','L','Kongos','siegburg','2026-01-01',1,'2026-01-26 19:10:16.846739','2026-02-05 18:50:09.998283',10,'mitarbeiter','typ_c',1,1,3,NULL,4,0,0,'normal','','MA4','voll',0,'','typ_a',NULL,0,NULL,'kern',NULL,NULL,5,6,0,1,1);
INSERT INTO arbeitszeit_mitarbeiter VALUES(10,'12310','Kornischuk','R','Kongos','siegburg','2026-01-01',1,'2026-01-26 19:12:17.548432','2026-02-06 15:32:37.437991',12,'schichtplaner','typ_c',1,0,3,NULL,4,1,1,'hoch','','MA7','voll',1,'','typ_a',NULL,0,NULL,'hybrid',4,NULL,5,7,1,1,0);
INSERT INTO arbeitszeit_mitarbeiter VALUES(11,'12311','Krausmacher','R','Kongos','siegburg','2026-01-01',1,'2026-01-26 19:13:33.495783','2026-02-05 18:50:09.999847',13,'mitarbeiter','typ_c',1,1,3,NULL,4,0,0,'normal','','MA8','voll',0,'','typ_b',NULL,0,NULL,'kern',4,4,5,6,0,1,1);
INSERT INTO arbeitszeit_mitarbeiter VALUES(12,'12312','Groß','U','Kongos','siegburg','2026-01-01',1,'2026-01-26 19:15:51.303900','2026-02-05 18:50:09.998027',14,'mitarbeiter','typ_c',1,1,3,NULL,4,0,0,'normal','','MA9','voll',0,'','typ_a',NULL,0,NULL,'kern',NULL,NULL,5,6,0,1,1);
INSERT INTO arbeitszeit_mitarbeiter VALUES(13,'12313','Rensch','M','Kongos','siegburg','2026-01-01',1,'2026-01-26 19:18:46.450226','2026-02-05 18:50:10.000289',15,'mitarbeiter','typ_c',1,1,3,NULL,4,0,0,'normal','','MA10','voll',0,'','typ_b',NULL,0,NULL,'kern',4,4,5,6,0,1,1);
INSERT INTO arbeitszeit_mitarbeiter VALUES(14,'12315','Schumann','G','Kongos','siegburg','2026-01-01',1,'2026-01-26 19:20:18.770118','2026-02-05 18:50:10.000734',16,'mitarbeiter','typ_c',1,1,3,NULL,4,0,0,'normal','','MA11','voll',0,'','typ_a',NULL,0,NULL,'kern',NULL,NULL,5,6,0,1,1);
INSERT INTO arbeitszeit_mitarbeiter VALUES(15,'12316','Sohup','S','Kongos','siegburg','2026-01-01',1,'2026-01-26 19:21:51.986166','2026-02-05 18:50:10.000947',17,'mitarbeiter','typ_c',0,0,0,NULL,0,0,1,'normal','','MA12','dauerkrank',0,'','typ_a',NULL,0,NULL,'zusatz',NULL,NULL,5,6,0,0,0);
INSERT INTO arbeitszeit_mitarbeiter VALUES(16,'12317','Sporck','C','Kongos','siegburg','2026-01-01',1,'2026-01-26 19:23:35.445175','2026-02-05 18:50:10.001155',18,'schichtplaner','typ_c',1,1,3,NULL,2,0,0,'normal','','MA13','voll',0,'','typ_b',NULL,0,NULL,'kern',4,4,5,6,0,1,1);
INSERT INTO arbeitszeit_mitarbeiter VALUES(17,'12318','Ullmann','U','Kongos','siegburg','2026-01-01',1,'2026-01-26 19:26:00.325201','2026-02-05 18:50:10.001359',19,'mitarbeiter','typ_c',1,1,3,NULL,2,0,0,'normal','','MA14','voll',0,'','typ_b',NULL,0,NULL,'kern',4,4,5,6,0,1,1);
INSERT INTO arbeitszeit_mitarbeiter VALUES(18,'12319','Weinart','A','Kongos','siegburg','2026-01-01',1,'2026-01-26 19:26:59.680510','2026-02-05 18:50:10.001559',20,'mitarbeiter','typ_c',1,1,3,NULL,4,0,0,'normal','','MA15','voll',0,'','typ_a',NULL,0,NULL,'kern',NULL,NULL,5,6,0,1,1);
INSERT INTO arbeitszeit_mitarbeiter VALUES(19,'12320','Kollaga','R','Kongos','siegburg','2026-01-01',1,'2026-01-26 22:27:00.835792','2026-02-05 18:50:09.999267',21,'mitarbeiter','typ_c',0,1,3,0,0,0,0,'niedrig','','MA6','voll',1,'','typ_a','[0, 1, 2, 3, 4, 5]',0,NULL,'kern',NULL,NULL,5,6,0,1,1);
CREATE TABLE IF NOT EXISTS "schichtplan_schichtplanaenderung" ("id" integer NOT NULL PRIMARY KEY AUTOINCREMENT, "zeit" datetime NOT NULL, "aktion" varchar(20) NOT NULL, "beschreibung" varchar(400) NOT NULL, "undo_daten" text NOT NULL CHECK ((JSON_VALID("undo_daten") OR "undo_daten" IS NULL)), "zurueckgenommen" bool NOT NULL, "schichtplan_id" bigint NOT NULL REFERENCES "schichtplan_schichtplan" ("id") DEFERRABLE INITIALLY DEFERRED, "user_id" integer NULL REFERENCES "auth_user" ("id") DEFERRABLE INITIALLY DEFERRED);
INSERT INTO schichtplan_schichtplanaenderung VALUES(3,'2026-02-07 12:04:35.772270','angelegt','MA6 Z am 16.04.2026 angelegt','{"schicht_id": 7401}',0,52,18);
INSERT INTO schichtplan_schichtplanaenderung VALUES(4,'2026-02-07 12:04:38.533227','angelegt','MA6 Z am 22.04.2026 angelegt','{"schicht_id": 7402}',0,52,18);
INSERT INTO schichtplan_schichtplanaenderung VALUES(5,'2026-02-07 12:04:41.982327','angelegt','MA6 Z am 23.04.2026 angelegt','{"schicht_id": 7403}',0,52,18);
INSERT INTO schichtplan_schichtplanaenderung VALUES(6,'2026-02-07 12:04:45.942393','angelegt','MA6 Z am 24.04.2026 angelegt','{"schicht_id": 7404}',0,52,18);
INSERT INTO schichtplan_schichtplanaenderung VALUES(7,'2026-02-07 12:04:55.229057','angelegt','MA6 Z am 27.04.2026 angelegt','{"schicht_id": 7405}',0,52,18);
INSERT INTO schichtplan_schichtplanaenderung VALUES(8,'2026-02-07 12:05:00.433599','angelegt','MA6 Z am 28.04.2026 angelegt','{"schicht_id": 7406}',0,52,18);
INSERT INTO schichtplan_schichtplanaenderung VALUES(9,'2026-02-07 12:05:03.768553','angelegt','MA6 Z am 29.04.2026 angelegt','{"schicht_id": 7407}',0,52,18);
INSERT INTO schichtplan_schichtplanaenderung VALUES(10,'2026-02-07 12:05:49.787319','angelegt','MA7 T am 07.04.2026 angelegt','{"schicht_id": 7408}',0,52,18);
INSERT INTO schichtplan_schichtplanaenderung VALUES(11,'2026-02-07 12:05:58.320193','angelegt','MA7 T am 02.04.2026 angelegt','{"schicht_id": 7409}',0,52,18);
INSERT INTO schichtplan_schichtplanaenderung VALUES(12,'2026-02-07 12:06:02.214976','angelegt','MA7 T am 09.04.2026 angelegt','{"schicht_id": 7410}',0,52,18);
INSERT INTO schichtplan_schichtplanaenderung VALUES(13,'2026-02-07 12:06:06.425609','angelegt','MA7 T am 14.04.2026 angelegt','{"schicht_id": 7411}',0,52,18);
INSERT INTO schichtplan_schichtplanaenderung VALUES(14,'2026-02-07 12:06:09.634592','angelegt','MA7 T am 16.04.2026 angelegt','{"schicht_id": 7412}',0,52,18);
INSERT INTO schichtplan_schichtplanaenderung VALUES(15,'2026-02-07 12:06:14.139536','angelegt','MA7 T am 21.04.2026 angelegt','{"schicht_id": 7413}',0,52,18);
INSERT INTO schichtplan_schichtplanaenderung VALUES(16,'2026-02-07 12:06:19.423007','angelegt','MA7 T am 23.04.2026 angelegt','{"schicht_id": 7414}',0,52,18);
INSERT INTO schichtplan_schichtplanaenderung VALUES(17,'2026-02-07 12:06:26.103539','angelegt','MA7 T am 28.04.2026 angelegt','{"schicht_id": 7415}',0,52,18);
INSERT INTO schichtplan_schichtplanaenderung VALUES(18,'2026-02-07 12:06:29.709561','angelegt','MA7 T am 30.04.2026 angelegt','{"schicht_id": 7416}',0,52,18);
INSERT INTO schichtplan_schichtplanaenderung VALUES(19,'2026-02-07 12:06:47.693373','geloescht','MA9 Z am 08.04.2026 gelöscht','{"mitarbeiter_id": 12, "datum": "2026-04-08", "schichttyp_id": 3}',0,52,18);
INSERT INTO schichtplan_schichtplanaenderung VALUES(20,'2026-02-07 12:06:53.946923','geloescht','MA10 Z am 10.04.2026 gelöscht','{"mitarbeiter_id": 13, "datum": "2026-04-10", "schichttyp_id": 3}',0,52,18);
INSERT INTO schichtplan_schichtplanaenderung VALUES(21,'2026-02-07 12:07:08.975705','angelegt','MA10 Z am 27.04.2026 angelegt','{"schicht_id": 7417}',0,52,18);
PRAGMA writable_schema=ON;
CREATE TABLE IF NOT EXISTS sqlite_sequence(name,seq);
DELETE FROM sqlite_sequence;
INSERT INTO sqlite_sequence VALUES('django_migrations',37);
INSERT INTO sqlite_sequence VALUES('django_admin_log',267);
INSERT INTO sqlite_sequence VALUES('arbeitszeit_arbeitszeitvereinbarung',70);
INSERT INTO sqlite_sequence VALUES('django_content_type',21);
INSERT INTO sqlite_sequence VALUES('auth_permission',84);
INSERT INTO sqlite_sequence VALUES('auth_group',1);
INSERT INTO sqlite_sequence VALUES('auth_user',21);
INSERT INTO sqlite_sequence VALUES('arbeitszeit_arbeitszeithistorie',108);
INSERT INTO sqlite_sequence VALUES('schichtplan_schichtwunsch',100);
INSERT INTO sqlite_sequence VALUES('schichtplan_schichtplan',52);
INSERT INTO sqlite_sequence VALUES('schichtplan_schichttyp',3);
INSERT INTO sqlite_sequence VALUES('auth_user_user_permissions',5);
INSERT INTO sqlite_sequence VALUES('arbeitszeit_tagesarbeitszeit',155);
INSERT INTO sqlite_sequence VALUES('schichtplan_schicht',7417);
INSERT INTO sqlite_sequence VALUES('arbeitszeit_monatlichearbeitszeitsoll',442);
INSERT INTO sqlite_sequence VALUES('schichtplan_schichtwunschperiode',5);
INSERT INTO sqlite_sequence VALUES('auth_user_groups',2);
INSERT INTO sqlite_sequence VALUES('arbeitszeit_mitarbeiter',19);
INSERT INTO sqlite_sequence VALUES('schichtplan_schichtplanaenderung',21);
CREATE UNIQUE INDEX "auth_group_permissions_group_id_permission_id_0cd325b0_uniq" ON "auth_group_permissions" ("group_id", "permission_id");
CREATE INDEX "auth_group_permissions_group_id_b120cbf9" ON "auth_group_permissions" ("group_id");
CREATE INDEX "auth_group_permissions_permission_id_84c5c92e" ON "auth_group_permissions" ("permission_id");
CREATE UNIQUE INDEX "auth_user_groups_user_id_group_id_94350c0c_uniq" ON "auth_user_groups" ("user_id", "group_id");
CREATE INDEX "auth_user_groups_user_id_6a12ed8b" ON "auth_user_groups" ("user_id");
CREATE INDEX "auth_user_groups_group_id_97559544" ON "auth_user_groups" ("group_id");
CREATE UNIQUE INDEX "auth_user_user_permissions_user_id_permission_id_14a6b632_uniq" ON "auth_user_user_permissions" ("user_id", "permission_id");
CREATE INDEX "auth_user_user_permissions_user_id_a95ead1b" ON "auth_user_user_permissions" ("user_id");
CREATE INDEX "auth_user_user_permissions_permission_id_1fbb5f2c" ON "auth_user_user_permissions" ("permission_id");
CREATE INDEX "django_admin_log_content_type_id_c4bce8eb" ON "django_admin_log" ("content_type_id");
CREATE INDEX "django_admin_log_user_id_c564eba6" ON "django_admin_log" ("user_id");
CREATE INDEX "arbeitszeit_arbeitszeithistorie_aenderung_durch_id_74b8990a" ON "arbeitszeit_arbeitszeithistorie" ("aenderung_durch_id");
CREATE INDEX "arbeitszeit_arbeitszeithistorie_vereinbarung_id_13e83612" ON "arbeitszeit_arbeitszeithistorie" ("vereinbarung_id");
CREATE INDEX "arbeitszeit_arbeitszeitvereinbarung_genehmigt_von_id_bfdd2cb8" ON "arbeitszeit_arbeitszeitvereinbarung" ("genehmigt_von_id");
CREATE INDEX "arbeitszeit_arbeitszeitvereinbarung_mitarbeiter_id_9303c2a5" ON "arbeitszeit_arbeitszeitvereinbarung" ("mitarbeiter_id");
CREATE UNIQUE INDEX "arbeitszeit_urlaubsanspruch_mitarbeiter_id_jahr_850a292e_uniq" ON "arbeitszeit_urlaubsanspruch" ("mitarbeiter_id", "jahr");
CREATE INDEX "arbeitszeit_urlaubsanspruch_mitarbeiter_id_c12ef20c" ON "arbeitszeit_urlaubsanspruch" ("mitarbeiter_id");
CREATE UNIQUE INDEX "arbeitszeit_zeiterfassung_mitarbeiter_id_datum_6b7d7e1e_uniq" ON "arbeitszeit_zeiterfassung" ("mitarbeiter_id", "datum");
CREATE INDEX "arbeitszeit_zeiterfassung_mitarbeiter_id_3ef5b6f9" ON "arbeitszeit_zeiterfassung" ("mitarbeiter_id");
CREATE UNIQUE INDEX "django_content_type_app_label_model_76bd3d3b_uniq" ON "django_content_type" ("app_label", "model");
CREATE UNIQUE INDEX "auth_permission_content_type_id_codename_01ab375a_uniq" ON "auth_permission" ("content_type_id", "codename");
CREATE INDEX "auth_permission_content_type_id_2f476e4b" ON "auth_permission" ("content_type_id");
CREATE INDEX "django_session_expire_date_a5c62663" ON "django_session" ("expire_date");
CREATE INDEX "schichtplan_schicht_mitarbeiter_id_a9b13bff" ON "schichtplan_schicht" ("mitarbeiter_id");
CREATE INDEX "schichtplan_schicht_schichtplan_id_1d52ac46" ON "schichtplan_schicht" ("schichtplan_id");
CREATE INDEX "schichtplan_schicht_schichttyp_id_a1cfe35a" ON "schichtplan_schicht" ("schichttyp_id");
CREATE INDEX "schichtplan_schichttausch_angeboten_von_id_83a52036" ON "schichtplan_schichttausch" ("angeboten_von_id");
CREATE INDEX "schichtplan_schichttausch_gewuenschter_partner_id_7bd197b8" ON "schichtplan_schichttausch" ("gewuenschter_partner_id");
CREATE INDEX "schichtplan_schichttausch_urspruengliche_schicht_id_7a1b3296" ON "schichtplan_schichttausch" ("urspruengliche_schicht_id");
CREATE UNIQUE INDEX "schichtplan_schichtwunsch_mitarbeiter_id_datum_f7966dad_uniq" ON "schichtplan_schichtwunsch" ("mitarbeiter_id", "datum");
CREATE INDEX "schichtplan_schichtwunsch_mitarbeiter_id_70bd8aaf" ON "schichtplan_schichtwunsch" ("mitarbeiter_id");
CREATE INDEX "schichtplan_schichtwunsch_genehmigt_von_id_dc1936de" ON "schichtplan_schichtwunsch" ("genehmigt_von_id");
CREATE INDEX "schichtplan_schichtplan_erstellt_von_id_b63482b6" ON "schichtplan_schichtplan" ("erstellt_von_id");
CREATE INDEX "schichtplan_schichtwunschperiode_erstellt_von_id_04956b78" ON "schichtplan_schichtwunschperiode" ("erstellt_von_id");
CREATE INDEX "schichtplan_schichtwunsch_periode_id_ba27fe20" ON "schichtplan_schichtwunsch" ("periode_id");
CREATE INDEX "arbeitszeit_tagesarbeitszeit_vereinbarung_id_2dce145f" ON "arbeitszeit_tagesarbeitszeit" ("vereinbarung_id");
CREATE UNIQUE INDEX "arbeitszeit_tagesarbeitszeit_vereinbarung_id_wochentag_woche_10f254e7_uniq" ON "arbeitszeit_tagesarbeitszeit" ("vereinbarung_id", "wochentag", "woche");
CREATE UNIQUE INDEX "arbeitszeit_monatlichearbeitszeitsoll_mitarbeiter_id_jahr_monat_4f013ed3_uniq" ON "arbeitszeit_monatlichearbeitszeitsoll" ("mitarbeiter_id", "jahr", "monat");
CREATE INDEX "arbeitszeit_monatlichearbeitszeitsoll_mitarbeiter_id_56fd6446" ON "arbeitszeit_monatlichearbeitszeitsoll" ("mitarbeiter_id");
CREATE UNIQUE INDEX "schichtplan_schicht_schichtplan_id_mitarbeiter_id_datum_2df2d8ba_uniq" ON "schichtplan_schicht" ("schichtplan_id", "mitarbeiter_id", "datum");
CREATE INDEX "schichtplan_schichtplan_wunschperiode_id_b36dfdb8" ON "schichtplan_schichtplan" ("wunschperiode_id");
CREATE INDEX "schichtplan_schichtplanaenderung_schichtplan_id_49a463a7" ON "schichtplan_schichtplanaenderung" ("schichtplan_id");
CREATE INDEX "schichtplan_schichtplanaenderung_user_id_7d868b81" ON "schichtplan_schichtplanaenderung" ("user_id");
PRAGMA writable_schema=OFF;
COMMIT;
